Image,IsFace,Feature
annotated_data//Non_face\image0.jpg,0.0,"[[ 83.]
 [119.]
 [148.]
 ...
 [  1.]
 [  3.]
 [ 97.]]"
annotated_data//Non_face\image1.jpg,0.0,"[[120.]
 [126.]
 [129.]
 ...
 [147.]
 [153.]
 [152.]]"
annotated_data//Non_face\image10.jpg,0.0,"[[ 2.]
 [11.]
 [44.]
 ...
 [ 2.]
 [17.]
 [38.]]"
annotated_data//Non_face\image100.jpg,0.0,"[[16.]
 [22.]
 [29.]
 ...
 [29.]
 [46.]
 [59.]]"
annotated_data//Non_face\image1000.jpg,0.0,"[[218.]
 [220.]
 [255.]
 ...
 [121.]
 [129.]
 [178.]]"
annotated_data//Non_face\image1001.jpg,0.0,"[[195.]
 [214.]
 [219.]
 ...
 [199.]
 [218.]
 [223.]]"
annotated_data//Non_face\image1002.jpg,0.0,"[[51.]
 [42.]
 [57.]
 ...
 [25.]
 [18.]
 [23.]]"
annotated_data//Non_face\image1003.jpg,0.0,"[[236.]
 [223.]
 [209.]
 ...
 [ 71.]
 [ 60.]
 [ 56.]]"
annotated_data//Non_face\image1004.jpg,0.0,"[[21.]
 [22.]
 [ 2.]
 ...
 [21.]
 [24.]
 [ 1.]]"
annotated_data//Non_face\image1005.jpg,0.0,"[[63.]
 [29.]
 [25.]
 ...
 [51.]
 [17.]
 [17.]]"
annotated_data//Non_face\image1006.jpg,0.0,"[[163.]
 [167.]
 [168.]
 ...
 [140.]
 [154.]
 [156.]]"
annotated_data//Non_face\image1007.jpg,0.0,"[[ 3.]
 [ 2.]
 [18.]
 ...
 [ 0.]
 [ 0.]
 [14.]]"
annotated_data//Non_face\image1008.jpg,0.0,"[[70.]
 [24.]
 [13.]
 ...
 [40.]
 [18.]
 [13.]]"
annotated_data//Non_face\image1009.jpg,0.0,"[[144.]
 [ 79.]
 [ 58.]
 ...
 [161.]
 [ 86.]
 [ 64.]]"
annotated_data//Non_face\image101.jpg,0.0,"[[46.]
 [99.]
 [60.]
 ...
 [48.]
 [99.]
 [65.]]"
annotated_data//Non_face\image1010.jpg,0.0,"[[240.]
 [228.]
 [231.]
 ...
 [173.]
 [192.]
 [213.]]"
annotated_data//Non_face\image1011.jpg,0.0,"[[187.]
 [149.]
 [147.]
 ...
 [118.]
 [ 56.]
 [ 55.]]"
annotated_data//Non_face\image1012.jpg,0.0,"[[37.]
 [51.]
 [70.]
 ...
 [38.]
 [52.]
 [71.]]"
annotated_data//Non_face\image1013.jpg,0.0,"[[158.]
 [ 74.]
 [ 54.]
 ...
 [ 45.]
 [128.]
 [173.]]"
annotated_data//Non_face\image1014.jpg,0.0,"[[116.]
 [132.]
 [139.]
 ...
 [102.]
 [118.]
 [125.]]"
annotated_data//Non_face\image1015.jpg,0.0,"[[122.]
 [129.]
 [148.]
 ...
 [204.]
 [212.]
 [219.]]"
annotated_data//Non_face\image1016.jpg,0.0,"[[ 36.]
 [ 52.]
 [ 68.]
 ...
 [ 82.]
 [116.]
 [146.]]"
annotated_data//Non_face\image1017.jpg,0.0,"[[15.]
 [10.]
 [41.]
 ...
 [11.]
 [ 8.]
 [33.]]"
annotated_data//Non_face\image1018.jpg,0.0,"[[137.]
 [154.]
 [138.]
 ...
 [171.]
 [205.]
 [221.]]"
annotated_data//Non_face\image1019.jpg,0.0,"[[112.]
 [134.]
 [162.]
 ...
 [102.]
 [123.]
 [151.]]"
annotated_data//Non_face\image102.jpg,0.0,"[[52.]
 [48.]
 [60.]
 ...
 [50.]
 [47.]
 [62.]]"
annotated_data//Non_face\image1020.jpg,0.0,"[[ 82.]
 [116.]
 [145.]
 ...
 [ 75.]
 [112.]
 [143.]]"
annotated_data//Non_face\image1021.jpg,0.0,"[[ 97.]
 [ 94.]
 [ 90.]
 ...
 [117.]
 [120.]
 [115.]]"
annotated_data//Non_face\image1022.jpg,0.0,"[[ 51.]
 [ 19.]
 [  6.]
 ...
 [118.]
 [143.]
 [180.]]"
annotated_data//Non_face\image1023.jpg,0.0,"[[126.]
 [152.]
 [152.]
 ...
 [181.]
 [ 98.]
 [ 74.]]"
annotated_data//Non_face\image1024.jpg,0.0,"[[ 99.]
 [ 50.]
 [ 28.]
 ...
 [111.]
 [ 61.]
 [ 38.]]"
annotated_data//Non_face\image1025.jpg,0.0,"[[12.]
 [43.]
 [74.]
 ...
 [91.]
 [98.]
 [99.]]"
annotated_data//Non_face\image1026.jpg,0.0,"[[24.]
 [19.]
 [20.]
 ...
 [56.]
 [88.]
 [99.]]"
annotated_data//Non_face\image1027.jpg,0.0,"[[ 92.]
 [102.]
 [ 96.]
 ...
 [ 71.]
 [ 82.]
 [ 88.]]"
annotated_data//Non_face\image1028.jpg,0.0,"[[  0.]
 [ 12.]
 [ 12.]
 ...
 [ 85.]
 [125.]
 [216.]]"
annotated_data//Non_face\image1029.jpg,0.0,"[[110.]
 [231.]
 [250.]
 ...
 [105.]
 [196.]
 [219.]]"
annotated_data//Non_face\image103.jpg,0.0,"[[255.]
 [255.]
 [255.]
 ...
 [255.]
 [255.]
 [255.]]"
annotated_data//Non_face\image1030.jpg,0.0,"[[  6.]
 [  7.]
 [ 57.]
 ...
 [ 15.]
 [ 33.]
 [159.]]"
annotated_data//Non_face\image1031.jpg,0.0,"[[168.]
 [162.]
 [149.]
 ...
 [173.]
 [167.]
 [154.]]"
annotated_data//Non_face\image1032.jpg,0.0,"[[202.]
 [205.]
 [203.]
 ...
 [216.]
 [217.]
 [215.]]"
annotated_data//Non_face\image1033.jpg,0.0,"[[ 52.]
 [ 58.]
 [ 53.]
 ...
 [193.]
 [206.]
 [185.]]"
annotated_data//Non_face\image1034.jpg,0.0,"[[21.]
 [48.]
 [92.]
 ...
 [22.]
 [50.]
 [70.]]"
annotated_data//Non_face\image1035.jpg,0.0,"[[189.]
 [217.]
 [217.]
 ...
 [183.]
 [214.]
 [209.]]"
annotated_data//Non_face\image1036.jpg,0.0,"[[ 70.]
 [104.]
 [101.]
 ...
 [ 65.]
 [ 82.]
 [ 76.]]"
annotated_data//Non_face\image1037.jpg,0.0,"[[206.]
 [206.]
 [212.]
 ...
 [198.]
 [206.]
 [210.]]"
annotated_data//Non_face\image1038.jpg,0.0,"[[123.]
 [135.]
 [139.]
 ...
 [184.]
 [190.]
 [210.]]"
annotated_data//Non_face\image1039.jpg,0.0,"[[134.]
 [161.]
 [182.]
 ...
 [104.]
 [130.]
 [173.]]"
annotated_data//Non_face\image104.jpg,0.0,"[[233.]
 [220.]
 [204.]
 ...
 [243.]
 [229.]
 [217.]]"
annotated_data//Non_face\image1040.jpg,0.0,"[[ 93.]
 [107.]
 [151.]
 ...
 [143.]
 [135.]
 [137.]]"
annotated_data//Non_face\image1041.jpg,0.0,"[[ 90.]
 [114.]
 [110.]
 ...
 [ 25.]
 [ 34.]
 [ 37.]]"
annotated_data//Non_face\image1042.jpg,0.0,"[[ 66.]
 [ 71.]
 [104.]
 ...
 [138.]
 [143.]
 [127.]]"
annotated_data//Non_face\image1043.jpg,0.0,"[[ 76.]
 [107.]
 [ 98.]
 ...
 [140.]
 [187.]
 [227.]]"
annotated_data//Non_face\image1044.jpg,0.0,"[[57.]
 [51.]
 [68.]
 ...
 [55.]
 [52.]
 [67.]]"
annotated_data//Non_face\image1045.jpg,0.0,"[[ 32.]
 [ 57.]
 [ 77.]
 ...
 [223.]
 [222.]
 [202.]]"
annotated_data//Non_face\image1046.jpg,0.0,"[[ 95.]
 [114.]
 [115.]
 ...
 [ 96.]
 [102.]
 [ 97.]]"
annotated_data//Non_face\image1047.jpg,0.0,"[[102.]
 [ 38.]
 [ 14.]
 ...
 [127.]
 [ 50.]
 [ 24.]]"
annotated_data//Non_face\image1048.jpg,0.0,"[[45.]
 [46.]
 [42.]
 ...
 [43.]
 [43.]
 [43.]]"
annotated_data//Non_face\image1049.jpg,0.0,"[[42.]
 [78.]
 [88.]
 ...
 [ 8.]
 [10.]
 [ 1.]]"
annotated_data//Non_face\image105.jpg,0.0,"[[214.]
 [232.]
 [233.]
 ...
 [214.]
 [232.]
 [233.]]"
annotated_data//Non_face\image1050.jpg,0.0,"[[246.]
 [241.]
 [240.]
 ...
 [241.]
 [239.]
 [238.]]"
annotated_data//Non_face\image1051.jpg,0.0,"[[ 1.]
 [ 3.]
 [ 4.]
 ...
 [ 4.]
 [ 7.]
 [10.]]"
annotated_data//Non_face\image1052.jpg,0.0,"[[108.]
 [ 58.]
 [ 35.]
 ...
 [109.]
 [ 59.]
 [ 36.]]"
annotated_data//Non_face\image1053.jpg,0.0,"[[ 86.]
 [123.]
 [115.]
 ...
 [ 63.]
 [ 92.]
 [ 72.]]"
annotated_data//Non_face\image1054.jpg,0.0,"[[250.]
 [252.]
 [222.]
 ...
 [ 11.]
 [ 13.]
 [ 23.]]"
annotated_data//Non_face\image1055.jpg,0.0,"[[ 41.]
 [103.]
 [ 87.]
 ...
 [ 37.]
 [124.]
 [104.]]"
annotated_data//Non_face\image1056.jpg,0.0,"[[ 22.]
 [ 26.]
 [  7.]
 ...
 [139.]
 [168.]
 [165.]]"
annotated_data//Non_face\image1057.jpg,0.0,"[[115.]
 [ 99.]
 [ 57.]
 ...
 [130.]
 [113.]
 [ 74.]]"
annotated_data//Non_face\image1058.jpg,0.0,"[[106.]
 [106.]
 [ 94.]
 ...
 [182.]
 [110.]
 [ 68.]]"
annotated_data//Non_face\image1059.jpg,0.0,"[[120.]
 [134.]
 [146.]
 ...
 [131.]
 [146.]
 [158.]]"
annotated_data//Non_face\image106.jpg,0.0,"[[252.]
 [254.]
 [254.]
 ...
 [175.]
 [233.]
 [246.]]"
annotated_data//Non_face\image1060.jpg,0.0,"[[1.]
 [5.]
 [3.]
 ...
 [1.]
 [6.]
 [4.]]"
annotated_data//Non_face\image1061.jpg,0.0,"[[ 59.]
 [104.]
 [ 77.]
 ...
 [146.]
 [155.]
 [136.]]"
annotated_data//Non_face\image1062.jpg,0.0,"[[252.]
 [251.]
 [247.]
 ...
 [254.]
 [255.]
 [253.]]"
annotated_data//Non_face\image1063.jpg,0.0,"[[17.]
 [12.]
 [ 3.]
 ...
 [74.]
 [45.]
 [26.]]"
annotated_data//Non_face\image1064.jpg,0.0,"[[ 2.]
 [47.]
 [90.]
 ...
 [68.]
 [72.]
 [73.]]"
annotated_data//Non_face\image1065.jpg,0.0,"[[ 18.]
 [ 16.]
 [ 62.]
 ...
 [235.]
 [232.]
 [218.]]"
annotated_data//Non_face\image1066.jpg,0.0,"[[180.]
 [180.]
 [180.]
 ...
 [220.]
 [224.]
 [222.]]"
annotated_data//Non_face\image1067.jpg,0.0,"[[252.]
 [255.]
 [253.]
 ...
 [246.]
 [251.]
 [249.]]"
annotated_data//Non_face\image1068.jpg,0.0,"[[ 4.]
 [ 7.]
 [ 5.]
 ...
 [ 8.]
 [11.]
 [ 9.]]"
annotated_data//Non_face\image1069.jpg,0.0,"[[168.]
 [144.]
 [153.]
 ...
 [117.]
 [157.]
 [169.]]"
annotated_data//Non_face\image107.jpg,0.0,"[[180.]
 [158.]
 [151.]
 ...
 [164.]
 [135.]
 [114.]]"
annotated_data//Non_face\image1070.jpg,0.0,"[[0.]
 [0.]
 [0.]
 ...
 [0.]
 [0.]
 [0.]]"
annotated_data//Non_face\image1071.jpg,0.0,"[[157.]
 [149.]
 [119.]
 ...
 [128.]
 [126.]
 [102.]]"
annotated_data//Non_face\image1072.jpg,0.0,"[[117.]
 [ 83.]
 [ 29.]
 ...
 [104.]
 [ 70.]
 [ 16.]]"
annotated_data//Non_face\image1073.jpg,0.0,"[[ 27.]
 [  8.]
 [  5.]
 ...
 [ 71.]
 [106.]
 [161.]]"
annotated_data//Non_face\image1074.jpg,0.0,"[[100.]
 [113.]
 [127.]
 ...
 [112.]
 [127.]
 [143.]]"
annotated_data//Non_face\image1075.jpg,0.0,"[[133.]
 [139.]
 [138.]
 ...
 [134.]
 [136.]
 [136.]]"
annotated_data//Non_face\image1076.jpg,0.0,"[[108.]
 [108.]
 [108.]
 ...
 [ 34.]
 [ 34.]
 [ 34.]]"
annotated_data//Non_face\image1077.jpg,0.0,"[[179.]
 [223.]
 [216.]
 ...
 [ 39.]
 [ 47.]
 [ 46.]]"
annotated_data//Non_face\image1078.jpg,0.0,"[[49.]
 [54.]
 [55.]
 ...
 [62.]
 [66.]
 [67.]]"
annotated_data//Non_face\image1079.jpg,0.0,"[[ 8.]
 [10.]
 [20.]
 ...
 [ 7.]
 [ 8.]
 [18.]]"
annotated_data//Non_face\image108.jpg,0.0,"[[  1.]
 [169.]
 [221.]
 ...
 [  1.]
 [174.]
 [224.]]"
annotated_data//Non_face\image1080.jpg,0.0,"[[82.]
 [41.]
 [41.]
 ...
 [71.]
 [29.]
 [36.]]"
annotated_data//Non_face\image1081.jpg,0.0,"[[ 66.]
 [ 82.]
 [ 89.]
 ...
 [ 78.]
 [ 94.]
 [101.]]"
annotated_data//Non_face\image1082.jpg,0.0,"[[111.]
 [125.]
 [121.]
 ...
 [175.]
 [181.]
 [176.]]"
annotated_data//Non_face\image1083.jpg,0.0,"[[123.]
 [137.]
 [156.]
 ...
 [130.]
 [147.]
 [166.]]"
annotated_data//Non_face\image1084.jpg,0.0,"[[123.]
 [161.]
 [155.]
 ...
 [125.]
 [160.]
 [140.]]"
annotated_data//Non_face\image1085.jpg,0.0,"[[250.]
 [251.]
 [247.]
 ...
 [243.]
 [243.]
 [230.]]"
annotated_data//Non_face\image1086.jpg,0.0,"[[251.]
 [240.]
 [242.]
 ...
 [255.]
 [253.]
 [252.]]"
annotated_data//Non_face\image1087.jpg,0.0,"[[112.]
 [135.]
 [150.]
 ...
 [172.]
 [175.]
 [183.]]"
annotated_data//Non_face\image1088.jpg,0.0,"[[112.]
 [158.]
 [166.]
 ...
 [ 43.]
 [ 64.]
 [ 94.]]"
annotated_data//Non_face\image1089.jpg,0.0,"[[215.]
 [212.]
 [207.]
 ...
 [217.]
 [214.]
 [209.]]"
annotated_data//Non_face\image109.jpg,0.0,"[[ 87.]
 [ 87.]
 [ 87.]
 ...
 [110.]
 [110.]
 [110.]]"
annotated_data//Non_face\image1090.jpg,0.0,"[[10.]
 [ 9.]
 [11.]
 ...
 [12.]
 [12.]
 [12.]]"
annotated_data//Non_face\image1091.jpg,0.0,"[[35.]
 [47.]
 [41.]
 ...
 [86.]
 [92.]
 [91.]]"
annotated_data//Non_face\image1092.jpg,0.0,"[[135.]
 [153.]
 [160.]
 ...
 [146.]
 [164.]
 [171.]]"
annotated_data//Non_face\image1093.jpg,0.0,"[[139.]
 [158.]
 [166.]
 ...
 [137.]
 [156.]
 [164.]]"
annotated_data//Non_face\image1094.jpg,0.0,"[[157.]
 [145.]
 [121.]
 ...
 [ 78.]
 [ 58.]
 [ 85.]]"
annotated_data//Non_face\image1095.jpg,0.0,"[[ 54.]
 [ 75.]
 [ 97.]
 ...
 [ 91.]
 [121.]
 [146.]]"
annotated_data//Non_face\image1096.jpg,0.0,"[[78.]
 [60.]
 [43.]
 ...
 [76.]
 [58.]
 [41.]]"
annotated_data//Non_face\image1097.jpg,0.0,"[[37.]
 [64.]
 [60.]
 ...
 [15.]
 [60.]
 [47.]]"
annotated_data//Non_face\image1098.jpg,0.0,"[[226.]
 [226.]
 [242.]
 ...
 [236.]
 [233.]
 [248.]]"
annotated_data//Non_face\image1099.jpg,0.0,"[[ 85.]
 [120.]
 [130.]
 ...
 [ 36.]
 [ 56.]
 [ 63.]]"
annotated_data//Non_face\image11.jpg,0.0,"[[ 92.]
 [135.]
 [178.]
 ...
 [110.]
 [146.]
 [182.]]"
annotated_data//Non_face\image110.jpg,0.0,"[[ 57.]
 [ 54.]
 [ 53.]
 ...
 [ 86.]
 [103.]
 [142.]]"
annotated_data//Non_face\image1100.jpg,0.0,"[[133.]
 [185.]
 [201.]
 ...
 [128.]
 [180.]
 [196.]]"
annotated_data//Non_face\image1101.jpg,0.0,"[[26.]
 [30.]
 [25.]
 ...
 [27.]
 [31.]
 [26.]]"
annotated_data//Non_face\image1102.jpg,0.0,"[[193.]
 [177.]
 [164.]
 ...
 [194.]
 [217.]
 [222.]]"
annotated_data//Non_face\image1103.jpg,0.0,"[[107.]
 [123.]
 [ 96.]
 ...
 [199.]
 [211.]
 [205.]]"
annotated_data//Non_face\image1104.jpg,0.0,"[[ 22.]
 [ 25.]
 [ 33.]
 ...
 [161.]
 [161.]
 [176.]]"
annotated_data//Non_face\image1105.jpg,0.0,"[[189.]
 [175.]
 [187.]
 ...
 [172.]
 [156.]
 [174.]]"
annotated_data//Non_face\image1106.jpg,0.0,"[[16.]
 [16.]
 [16.]
 ...
 [18.]
 [18.]
 [18.]]"
annotated_data//Non_face\image1107.jpg,0.0,"[[108.]
 [110.]
 [120.]
 ...
 [110.]
 [112.]
 [122.]]"
annotated_data//Non_face\image1108.jpg,0.0,"[[183.]
 [184.]
 [202.]
 ...
 [228.]
 [234.]
 [253.]]"
annotated_data//Non_face\image1109.jpg,0.0,"[[239.]
 [246.]
 [246.]
 ...
 [229.]
 [215.]
 [213.]]"
annotated_data//Non_face\image111.jpg,0.0,"[[46.]
 [81.]
 [83.]
 ...
 [23.]
 [59.]
 [63.]]"
annotated_data//Non_face\image1110.jpg,0.0,"[[106.]
 [121.]
 [128.]
 ...
 [196.]
 [206.]
 [218.]]"
annotated_data//Non_face\image1111.jpg,0.0,"[[217.]
 [216.]
 [207.]
 ...
 [229.]
 [227.]
 [234.]]"
annotated_data//Non_face\image1112.jpg,0.0,"[[33.]
 [22.]
 [25.]
 ...
 [38.]
 [17.]
 [17.]]"
annotated_data//Non_face\image1113.jpg,0.0,"[[ 4.]
 [ 9.]
 [ 8.]
 ...
 [ 5.]
 [11.]
 [10.]]"
annotated_data//Non_face\image1114.jpg,0.0,"[[ 50.]
 [ 58.]
 [ 66.]
 ...
 [128.]
 [ 51.]
 [ 49.]]"
annotated_data//Non_face\image1115.jpg,0.0,"[[55.]
 [22.]
 [13.]
 ...
 [43.]
 [12.]
 [ 3.]]"
annotated_data//Non_face\image1116.jpg,0.0,"[[9.]
 [7.]
 [7.]
 ...
 [9.]
 [7.]
 [7.]]"
annotated_data//Non_face\image1117.jpg,0.0,"[[12.]
 [11.]
 [15.]
 ...
 [ 5.]
 [ 5.]
 [ 5.]]"
annotated_data//Non_face\image1118.jpg,0.0,"[[ 84.]
 [ 84.]
 [ 84.]
 ...
 [129.]
 [129.]
 [129.]]"
annotated_data//Non_face\image1119.jpg,0.0,"[[ 88.]
 [101.]
 [116.]
 ...
 [  0.]
 [  0.]
 [  0.]]"
annotated_data//Non_face\image112.jpg,0.0,"[[ 22.]
 [194.]
 [255.]
 ...
 [ 32.]
 [204.]
 [254.]]"
annotated_data//Non_face\image1120.jpg,0.0,"[[129.]
 [174.]
 [201.]
 ...
 [133.]
 [154.]
 [169.]]"
annotated_data//Non_face\image1121.jpg,0.0,"[[ 31.]
 [ 53.]
 [ 78.]
 ...
 [102.]
 [105.]
 [120.]]"
annotated_data//Non_face\image1122.jpg,0.0,"[[102.]
 [134.]
 [167.]
 ...
 [247.]
 [226.]
 [228.]]"
annotated_data//Non_face\image1123.jpg,0.0,"[[21.]
 [48.]
 [62.]
 ...
 [16.]
 [43.]
 [57.]]"
annotated_data//Non_face\image1124.jpg,0.0,"[[188.]
 [188.]
 [188.]
 ...
 [208.]
 [208.]
 [208.]]"
annotated_data//Non_face\image1125.jpg,0.0,"[[162.]
 [157.]
 [219.]
 ...
 [239.]
 [242.]
 [246.]]"
annotated_data//Non_face\image1126.jpg,0.0,"[[ 91.]
 [108.]
 [111.]
 ...
 [109.]
 [136.]
 [146.]]"
annotated_data//Non_face\image1127.jpg,0.0,"[[104.]
 [129.]
 [139.]
 ...
 [103.]
 [141.]
 [155.]]"
annotated_data//Non_face\image1128.jpg,0.0,"[[102.]
 [216.]
 [203.]
 ...
 [ 94.]
 [179.]
 [181.]]"
annotated_data//Non_face\image1129.jpg,0.0,"[[100.]
 [ 57.]
 [ 40.]
 ...
 [  2.]
 [ 19.]
 [ 19.]]"
annotated_data//Non_face\image113.jpg,0.0,"[[145.]
 [143.]
 [135.]
 ...
 [154.]
 [152.]
 [144.]]"
annotated_data//Non_face\image1130.jpg,0.0,"[[179.]
 [103.]
 [ 80.]
 ...
 [188.]
 [123.]
 [100.]]"
annotated_data//Non_face\image1131.jpg,0.0,"[[109.]
 [202.]
 [197.]
 ...
 [ 59.]
 [ 64.]
 [ 89.]]"
annotated_data//Non_face\image1132.jpg,0.0,"[[189.]
 [191.]
 [185.]
 ...
 [108.]
 [100.]
 [112.]]"
annotated_data//Non_face\image1133.jpg,0.0,"[[ 87.]
 [ 83.]
 [ 73.]
 ...
 [107.]
 [126.]
 [117.]]"
annotated_data//Non_face\image1134.jpg,0.0,"[[ 19.]
 [ 17.]
 [ 26.]
 ...
 [152.]
 [158.]
 [163.]]"
annotated_data//Non_face\image1135.jpg,0.0,"[[ 91.]
 [116.]
 [102.]
 ...
 [ 62.]
 [ 80.]
 [107.]]"
annotated_data//Non_face\image1136.jpg,0.0,"[[194.]
 [221.]
 [235.]
 ...
 [183.]
 [212.]
 [226.]]"
annotated_data//Non_face\image1137.jpg,0.0,"[[164.]
 [ 68.]
 [  8.]
 ...
 [193.]
 [ 98.]
 [ 21.]]"
annotated_data//Non_face\image1138.jpg,0.0,"[[123.]
 [107.]
 [ 40.]
 ...
 [ 96.]
 [120.]
 [164.]]"
annotated_data//Non_face\image1139.jpg,0.0,"[[255.]
 [247.]
 [213.]
 ...
 [255.]
 [249.]
 [214.]]"
annotated_data//Non_face\image114.jpg,0.0,"[[  2.]
 [  8.]
 [ 25.]
 ...
 [  4.]
 [ 33.]
 [109.]]"
annotated_data//Non_face\image1140.jpg,0.0,"[[62.]
 [50.]
 [46.]
 ...
 [59.]
 [43.]
 [27.]]"
annotated_data//Non_face\image1141.jpg,0.0,"[[176.]
 [202.]
 [176.]
 ...
 [ 40.]
 [ 37.]
 [ 33.]]"
annotated_data//Non_face\image1142.jpg,0.0,"[[ 81.]
 [102.]
 [117.]
 ...
 [  4.]
 [  9.]
 [  9.]]"
annotated_data//Non_face\image1143.jpg,0.0,"[[194.]
 [114.]
 [101.]
 ...
 [202.]
 [127.]
 [115.]]"
annotated_data//Non_face\image1144.jpg,0.0,"[[0.]
 [0.]
 [0.]
 ...
 [0.]
 [0.]
 [0.]]"
annotated_data//Non_face\image1145.jpg,0.0,"[[125.]
 [ 46.]
 [  7.]
 ...
 [ 91.]
 [118.]
 [156.]]"
annotated_data//Non_face\image1146.jpg,0.0,"[[119.]
 [114.]
 [111.]
 ...
 [108.]
 [ 77.]
 [ 69.]]"
annotated_data//Non_face\image1147.jpg,0.0,"[[ 84.]
 [105.]
 [117.]
 ...
 [143.]
 [158.]
 [176.]]"
annotated_data//Non_face\image1148.jpg,0.0,"[[27.]
 [24.]
 [20.]
 ...
 [40.]
 [54.]
 [52.]]"
annotated_data//Non_face\image1149.jpg,0.0,"[[  4.]
 [  2.]
 [  2.]
 ...
 [164.]
 [143.]
 [122.]]"
annotated_data//Non_face\image115.jpg,0.0,"[[  9.]
 [ 71.]
 [156.]
 ...
 [ 23.]
 [ 90.]
 [169.]]"
annotated_data//Non_face\image1150.jpg,0.0,"[[85.]
 [50.]
 [37.]
 ...
 [75.]
 [83.]
 [83.]]"
annotated_data//Non_face\image1151.jpg,0.0,"[[78.]
 [62.]
 [56.]
 ...
 [82.]
 [64.]
 [63.]]"
annotated_data//Non_face\image1152.jpg,0.0,"[[157.]
 [113.]
 [ 50.]
 ...
 [137.]
 [135.]
 [158.]]"
annotated_data//Non_face\image1153.jpg,0.0,"[[104.]
 [116.]
 [119.]
 ...
 [123.]
 [136.]
 [134.]]"
annotated_data//Non_face\image1154.jpg,0.0,"[[ 92.]
 [125.]
 [175.]
 ...
 [ 44.]
 [ 42.]
 [ 47.]]"
annotated_data//Non_face\image1155.jpg,0.0,"[[225.]
 [217.]
 [200.]
 ...
 [ 46.]
 [ 48.]
 [ 39.]]"
annotated_data//Non_face\image1156.jpg,0.0,"[[190.]
 [203.]
 [201.]
 ...
 [206.]
 [212.]
 [211.]]"
annotated_data//Non_face\image1157.jpg,0.0,"[[109.]
 [106.]
 [101.]
 ...
 [169.]
 [168.]
 [158.]]"
annotated_data//Non_face\image1158.jpg,0.0,"[[ 2.]
 [36.]
 [26.]
 ...
 [ 0.]
 [ 0.]
 [ 0.]]"
annotated_data//Non_face\image1159.jpg,0.0,"[[ 22.]
 [  6.]
 [  7.]
 ...
 [ 93.]
 [118.]
 [132.]]"
annotated_data//Non_face\image116.jpg,0.0,"[[168.]
 [162.]
 [151.]
 ...
 [112.]
 [ 89.]
 [ 73.]]"
annotated_data//Non_face\image1160.jpg,0.0,"[[145.]
 [171.]
 [181.]
 ...
 [138.]
 [134.]
 [143.]]"
annotated_data//Non_face\image1161.jpg,0.0,"[[161.]
 [126.]
 [ 92.]
 ...
 [183.]
 [161.]
 [113.]]"
annotated_data//Non_face\image1162.jpg,0.0,"[[138.]
 [120.]
 [109.]
 ...
 [155.]
 [189.]
 [226.]]"
annotated_data//Non_face\image1163.jpg,0.0,"[[198.]
 [160.]
 [128.]
 ...
 [201.]
 [173.]
 [143.]]"
annotated_data//Non_face\image1164.jpg,0.0,"[[155.]
 [ 88.]
 [154.]
 ...
 [192.]
 [ 99.]
 [ 66.]]"
annotated_data//Non_face\image1165.jpg,0.0,"[[ 15.]
 [  7.]
 [ 18.]
 ...
 [ 84.]
 [100.]
 [136.]]"
annotated_data//Non_face\image1166.jpg,0.0,"[[38.]
 [22.]
 [16.]
 ...
 [38.]
 [22.]
 [16.]]"
annotated_data//Non_face\image1167.jpg,0.0,"[[19.]
 [15.]
 [26.]
 ...
 [28.]
 [28.]
 [42.]]"
annotated_data//Non_face\image1168.jpg,0.0,"[[ 52.]
 [ 97.]
 [140.]
 ...
 [ 64.]
 [106.]
 [151.]]"
annotated_data//Non_face\image1169.jpg,0.0,"[[142.]
 [144.]
 [125.]
 ...
 [176.]
 [197.]
 [216.]]"
annotated_data//Non_face\image117.jpg,0.0,"[[43.]
 [75.]
 [88.]
 ...
 [19.]
 [36.]
 [45.]]"
annotated_data//Non_face\image1170.jpg,0.0,"[[15.]
 [80.]
 [11.]
 ...
 [18.]
 [19.]
 [ 9.]]"
annotated_data//Non_face\image1171.jpg,0.0,"[[234.]
 [235.]
 [231.]
 ...
 [235.]
 [236.]
 [232.]]"
annotated_data//Non_face\image1172.jpg,0.0,"[[  4.]
 [ 96.]
 [215.]
 ...
 [140.]
 [179.]
 [237.]]"
annotated_data//Non_face\image1173.jpg,0.0,"[[ 82.]
 [ 76.]
 [126.]
 ...
 [192.]
 [193.]
 [189.]]"
annotated_data//Non_face\image1174.jpg,0.0,"[[12.]
 [22.]
 [22.]
 ...
 [ 3.]
 [10.]
 [ 3.]]"
annotated_data//Non_face\image1175.jpg,0.0,"[[164.]
 [180.]
 [183.]
 ...
 [ 80.]
 [138.]
 [165.]]"
annotated_data//Non_face\image1176.jpg,0.0,"[[11.]
 [65.]
 [86.]
 ...
 [14.]
 [69.]
 [96.]]"
annotated_data//Non_face\image1177.jpg,0.0,"[[9.]
 [3.]
 [8.]
 ...
 [6.]
 [5.]
 [9.]]"
annotated_data//Non_face\image1178.jpg,0.0,"[[8.]
 [8.]
 [8.]
 ...
 [3.]
 [5.]
 [6.]]"
annotated_data//Non_face\image1179.jpg,0.0,"[[237.]
 [241.]
 [252.]
 ...
 [ 47.]
 [ 48.]
 [ 61.]]"
annotated_data//Non_face\image118.jpg,0.0,"[[142.]
 [154.]
 [166.]
 ...
 [145.]
 [154.]
 [171.]]"
annotated_data//Non_face\image1180.jpg,0.0,"[[18.]
 [26.]
 [19.]
 ...
 [28.]
 [40.]
 [32.]]"
annotated_data//Non_face\image1181.jpg,0.0,"[[ 22.]
 [ 13.]
 [  4.]
 ...
 [105.]
 [134.]
 [131.]]"
annotated_data//Non_face\image1182.jpg,0.0,"[[36.]
 [28.]
 [22.]
 ...
 [44.]
 [35.]
 [22.]]"
annotated_data//Non_face\image1183.jpg,0.0,"[[162.]
 [168.]
 [167.]
 ...
 [ 50.]
 [ 39.]
 [143.]]"
annotated_data//Non_face\image1184.jpg,0.0,"[[196.]
 [211.]
 [227.]
 ...
 [198.]
 [211.]
 [225.]]"
annotated_data//Non_face\image1185.jpg,0.0,"[[187.]
 [219.]
 [218.]
 ...
 [152.]
 [168.]
 [164.]]"
annotated_data//Non_face\image1186.jpg,0.0,"[[236.]
 [233.]
 [229.]
 ...
 [170.]
 [151.]
 [144.]]"
annotated_data//Non_face\image1187.jpg,0.0,"[[54.]
 [53.]
 [25.]
 ...
 [59.]
 [67.]
 [30.]]"
annotated_data//Non_face\image1188.jpg,0.0,"[[146.]
 [155.]
 [129.]
 ...
 [ 14.]
 [ 52.]
 [166.]]"
annotated_data//Non_face\image1189.jpg,0.0,"[[153.]
 [147.]
 [136.]
 ...
 [148.]
 [142.]
 [129.]]"
annotated_data//Non_face\image119.jpg,0.0,"[[196.]
 [214.]
 [221.]
 ...
 [160.]
 [171.]
 [169.]]"
annotated_data//Non_face\image1190.jpg,0.0,"[[ 1.]
 [23.]
 [29.]
 ...
 [ 3.]
 [25.]
 [31.]]"
annotated_data//Non_face\image1191.jpg,0.0,"[[161.]
 [149.]
 [147.]
 ...
 [152.]
 [141.]
 [137.]]"
annotated_data//Non_face\image1192.jpg,0.0,"[[139.]
 [161.]
 [156.]
 ...
 [155.]
 [183.]
 [183.]]"
annotated_data//Non_face\image1193.jpg,0.0,"[[10.]
 [ 5.]
 [ 4.]
 ...
 [ 5.]
 [ 3.]
 [ 3.]]"
annotated_data//Non_face\image1194.jpg,0.0,"[[104.]
 [163.]
 [211.]
 ...
 [ 88.]
 [ 95.]
 [ 99.]]"
annotated_data//Non_face\image1195.jpg,0.0,"[[218.]
 [179.]
 [ 80.]
 ...
 [215.]
 [179.]
 [ 79.]]"
annotated_data//Non_face\image1196.jpg,0.0,"[[117.]
 [123.]
 [104.]
 ...
 [193.]
 [200.]
 [197.]]"
annotated_data//Non_face\image1197.jpg,0.0,"[[ 0.]
 [ 1.]
 [ 1.]
 ...
 [ 7.]
 [11.]
 [16.]]"
annotated_data//Non_face\image1198.jpg,0.0,"[[107.]
 [109.]
 [149.]
 ...
 [232.]
 [247.]
 [251.]]"
annotated_data//Non_face\image1199.jpg,0.0,"[[ 81.]
 [108.]
 [122.]
 ...
 [ 98.]
 [133.]
 [149.]]"
annotated_data//Non_face\image12.jpg,0.0,"[[ 93.]
 [130.]
 [144.]
 ...
 [ 50.]
 [ 48.]
 [ 63.]]"
annotated_data//Non_face\image120.jpg,0.0,"[[105.]
 [ 89.]
 [ 83.]
 ...
 [ 29.]
 [ 38.]
 [ 54.]]"
annotated_data//Non_face\image1200.jpg,0.0,"[[ 0.]
 [ 2.]
 [ 3.]
 ...
 [12.]
 [22.]
 [71.]]"
annotated_data//Non_face\image1201.jpg,0.0,"[[ 92.]
 [ 34.]
 [ 15.]
 ...
 [128.]
 [ 96.]
 [ 97.]]"
annotated_data//Non_face\image1202.jpg,0.0,"[[244.]
 [182.]
 [111.]
 ...
 [247.]
 [253.]
 [247.]]"
annotated_data//Non_face\image1203.jpg,0.0,"[[ 61.]
 [123.]
 [ 47.]
 ...
 [ 87.]
 [105.]
 [109.]]"
annotated_data//Non_face\image1204.jpg,0.0,"[[144.]
 [140.]
 [116.]
 ...
 [ 83.]
 [ 47.]
 [ 53.]]"
annotated_data//Non_face\image1205.jpg,0.0,"[[ 4.]
 [12.]
 [31.]
 ...
 [23.]
 [58.]
 [83.]]"
annotated_data//Non_face\image1206.jpg,0.0,"[[ 2.]
 [ 9.]
 [26.]
 ...
 [ 2.]
 [11.]
 [31.]]"
annotated_data//Non_face\image1207.jpg,0.0,"[[162.]
 [165.]
 [169.]
 ...
 [161.]
 [164.]
 [168.]]"
annotated_data//Non_face\image1208.jpg,0.0,"[[106.]
 [160.]
 [193.]
 ...
 [137.]
 [182.]
 [213.]]"
annotated_data//Non_face\image1209.jpg,0.0,"[[ 5.]
 [11.]
 [37.]
 ...
 [ 2.]
 [ 1.]
 [ 8.]]"
annotated_data//Non_face\image121.jpg,0.0,"[[29.]
 [62.]
 [77.]
 ...
 [41.]
 [76.]
 [90.]]"
annotated_data//Non_face\image1210.jpg,0.0,"[[ 71.]
 [124.]
 [151.]
 ...
 [ 85.]
 [135.]
 [163.]]"
annotated_data//Non_face\image1211.jpg,0.0,"[[100.]
 [ 64.]
 [  4.]
 ...
 [ 45.]
 [178.]
 [199.]]"
annotated_data//Non_face\image1212.jpg,0.0,"[[190.]
 [ 96.]
 [ 61.]
 ...
 [ 88.]
 [ 93.]
 [ 94.]]"
annotated_data//Non_face\image1213.jpg,0.0,"[[ 5.]
 [32.]
 [59.]
 ...
 [15.]
 [45.]
 [74.]]"
annotated_data//Non_face\image1214.jpg,0.0,"[[216.]
 [198.]
 [169.]
 ...
 [ 56.]
 [ 42.]
 [ 43.]]"
annotated_data//Non_face\image1215.jpg,0.0,"[[34.]
 [13.]
 [ 5.]
 ...
 [34.]
 [16.]
 [ 5.]]"
annotated_data//Non_face\image1216.jpg,0.0,"[[ 80.]
 [113.]
 [129.]
 ...
 [  2.]
 [  3.]
 [ 13.]]"
annotated_data//Non_face\image1217.jpg,0.0,"[[ 91.]
 [ 72.]
 [111.]
 ...
 [145.]
 [182.]
 [176.]]"
annotated_data//Non_face\image1218.jpg,0.0,"[[229.]
 [230.]
 [226.]
 ...
 [229.]
 [230.]
 [226.]]"
annotated_data//Non_face\image1219.jpg,0.0,"[[ 8.]
 [11.]
 [15.]
 ...
 [ 0.]
 [ 5.]
 [13.]]"
annotated_data//Non_face\image122.jpg,0.0,"[[255.]
 [255.]
 [255.]
 ...
 [185.]
 [196.]
 [204.]]"
annotated_data//Non_face\image1220.jpg,0.0,"[[ 87.]
 [ 97.]
 [115.]
 ...
 [ 93.]
 [107.]
 [126.]]"
annotated_data//Non_face\image1221.jpg,0.0,"[[133.]
 [218.]
 [241.]
 ...
 [100.]
 [170.]
 [210.]]"
annotated_data//Non_face\image1222.jpg,0.0,"[[168.]
 [181.]
 [183.]
 ...
 [169.]
 [186.]
 [195.]]"
annotated_data//Non_face\image1223.jpg,0.0,"[[ 19.]
 [ 43.]
 [ 97.]
 ...
 [106.]
 [ 80.]
 [ 34.]]"
annotated_data//Non_face\image1224.jpg,0.0,"[[168.]
 [144.]
 [100.]
 ...
 [104.]
 [ 90.]
 [ 74.]]"
annotated_data//Non_face\image1225.jpg,0.0,"[[216.]
 [178.]
 [173.]
 ...
 [110.]
 [ 55.]
 [ 70.]]"
annotated_data//Non_face\image1226.jpg,0.0,"[[193.]
 [130.]
 [ 80.]
 ...
 [169.]
 [110.]
 [ 64.]]"
annotated_data//Non_face\image1227.jpg,0.0,"[[41.]
 [32.]
 [29.]
 ...
 [89.]
 [54.]
 [51.]]"
annotated_data//Non_face\image1228.jpg,0.0,"[[108.]
 [132.]
 [147.]
 ...
 [183.]
 [190.]
 [156.]]"
annotated_data//Non_face\image1229.jpg,0.0,"[[172.]
 [191.]
 [237.]
 ...
 [ 45.]
 [ 43.]
 [ 92.]]"
annotated_data//Non_face\image123.jpg,0.0,"[[26.]
 [54.]
 [74.]
 ...
 [ 1.]
 [ 2.]
 [12.]]"
annotated_data//Non_face\image1230.jpg,0.0,"[[236.]
 [238.]
 [238.]
 ...
 [220.]
 [222.]
 [222.]]"
annotated_data//Non_face\image1231.jpg,0.0,"[[214.]
 [209.]
 [205.]
 ...
 [169.]
 [ 84.]
 [ 34.]]"
annotated_data//Non_face\image1232.jpg,0.0,"[[141.]
 [150.]
 [159.]
 ...
 [136.]
 [139.]
 [147.]]"
annotated_data//Non_face\image1233.jpg,0.0,"[[223.]
 [162.]
 [ 82.]
 ...
 [ 41.]
 [ 45.]
 [ 54.]]"
annotated_data//Non_face\image1234.jpg,0.0,"[[229.]
 [236.]
 [239.]
 ...
 [239.]
 [249.]
 [250.]]"
annotated_data//Non_face\image1235.jpg,0.0,"[[28.]
 [25.]
 [27.]
 ...
 [27.]
 [26.]
 [28.]]"
annotated_data//Non_face\image1236.jpg,0.0,"[[29.]
 [41.]
 [47.]
 ...
 [13.]
 [21.]
 [28.]]"
annotated_data//Non_face\image1237.jpg,0.0,"[[123.]
 [108.]
 [106.]
 ...
 [129.]
 [114.]
 [111.]]"
annotated_data//Non_face\image1238.jpg,0.0,"[[ 16.]
 [ 11.]
 [ 12.]
 ...
 [130.]
 [ 92.]
 [ 67.]]"
annotated_data//Non_face\image1239.jpg,0.0,"[[16.]
 [20.]
 [ 9.]
 ...
 [22.]
 [26.]
 [15.]]"
annotated_data//Non_face\image124.jpg,0.0,"[[ 18.]
 [ 21.]
 [ 29.]
 ...
 [109.]
 [109.]
 [114.]]"
annotated_data//Non_face\image1240.jpg,0.0,"[[ 78.]
 [146.]
 [129.]
 ...
 [216.]
 [227.]
 [213.]]"
annotated_data//Non_face\image1241.jpg,0.0,"[[ 65.]
 [ 93.]
 [110.]
 ...
 [150.]
 [155.]
 [154.]]"
annotated_data//Non_face\image1242.jpg,0.0,"[[109.]
 [101.]
 [ 72.]
 ...
 [109.]
 [115.]
 [111.]]"
annotated_data//Non_face\image1243.jpg,0.0,"[[37.]
 [79.]
 [98.]
 ...
 [31.]
 [75.]
 [99.]]"
annotated_data//Non_face\image1244.jpg,0.0,"[[ 48.]
 [ 75.]
 [ 75.]
 ...
 [100.]
 [124.]
 [116.]]"
annotated_data//Non_face\image1245.jpg,0.0,"[[1.]
 [1.]
 [1.]
 ...
 [1.]
 [1.]
 [1.]]"
annotated_data//Non_face\image1246.jpg,0.0,"[[184.]
 [200.]
 [208.]
 ...
 [198.]
 [209.]
 [220.]]"
annotated_data//Non_face\image1247.jpg,0.0,"[[ 86.]
 [101.]
 [126.]
 ...
 [152.]
 [152.]
 [146.]]"
annotated_data//Non_face\image1248.jpg,0.0,"[[36.]
 [69.]
 [50.]
 ...
 [37.]
 [51.]
 [40.]]"
annotated_data//Non_face\image1249.jpg,0.0,"[[13.]
 [ 1.]
 [ 1.]
 ...
 [ 9.]
 [ 4.]
 [ 6.]]"
annotated_data//Non_face\image125.jpg,0.0,"[[ 76.]
 [126.]
 [156.]
 ...
 [ 87.]
 [138.]
 [166.]]"
annotated_data//Non_face\image1250.jpg,0.0,"[[168.]
 [175.]
 [170.]
 ...
 [ 14.]
 [  6.]
 [ 23.]]"
annotated_data//Non_face\image1251.jpg,0.0,"[[223.]
 [222.]
 [208.]
 ...
 [211.]
 [212.]
 [192.]]"
annotated_data//Non_face\image1252.jpg,0.0,"[[20.]
 [25.]
 [24.]
 ...
 [57.]
 [51.]
 [38.]]"
annotated_data//Non_face\image1253.jpg,0.0,"[[190.]
 [203.]
 [201.]
 ...
 [195.]
 [210.]
 [206.]]"
annotated_data//Non_face\image1254.jpg,0.0,"[[178.]
 [ 97.]
 [ 59.]
 ...
 [196.]
 [104.]
 [ 57.]]"
annotated_data//Non_face\image1255.jpg,0.0,"[[185.]
 [167.]
 [ 96.]
 ...
 [169.]
 [177.]
 [138.]]"
annotated_data//Non_face\image1256.jpg,0.0,"[[ 54.]
 [130.]
 [118.]
 ...
 [ 25.]
 [ 62.]
 [ 50.]]"
annotated_data//Non_face\image1257.jpg,0.0,"[[147.]
 [144.]
 [233.]
 ...
 [162.]
 [150.]
 [240.]]"
annotated_data//Non_face\image1258.jpg,0.0,"[[ 48.]
 [ 60.]
 [ 71.]
 ...
 [ 64.]
 [ 88.]
 [100.]]"
annotated_data//Non_face\image1259.jpg,0.0,"[[36.]
 [57.]
 [25.]
 ...
 [49.]
 [74.]
 [41.]]"
annotated_data//Non_face\image126.jpg,0.0,"[[123.]
 [140.]
 [106.]
 ...
 [133.]
 [150.]
 [116.]]"
annotated_data//Non_face\image1260.jpg,0.0,"[[ 87.]
 [102.]
 [149.]
 ...
 [ 78.]
 [ 87.]
 [113.]]"
annotated_data//Non_face\image1261.jpg,0.0,"[[ 82.]
 [ 81.]
 [ 85.]
 ...
 [101.]
 [ 97.]
 [102.]]"
annotated_data//Non_face\image1262.jpg,0.0,"[[ 93.]
 [113.]
 [114.]
 ...
 [ 46.]
 [107.]
 [147.]]"
annotated_data//Non_face\image1263.jpg,0.0,"[[  6.]
 [  1.]
 [  0.]
 ...
 [121.]
 [  1.]
 [  2.]]"
annotated_data//Non_face\image1264.jpg,0.0,"[[  8.]
 [  8.]
 [  8.]
 ...
 [110.]
 [128.]
 [179.]]"
annotated_data//Non_face\image1265.jpg,0.0,"[[245.]
 [246.]
 [243.]
 ...
 [246.]
 [247.]
 [243.]]"
annotated_data//Non_face\image1266.jpg,0.0,"[[23.]
 [19.]
 [18.]
 ...
 [29.]
 [28.]
 [25.]]"
annotated_data//Non_face\image1267.jpg,0.0,"[[254.]
 [254.]
 [251.]
 ...
 [207.]
 [253.]
 [218.]]"
annotated_data//Non_face\image1268.jpg,0.0,"[[201.]
 [183.]
 [152.]
 ...
 [205.]
 [187.]
 [158.]]"
annotated_data//Non_face\image1269.jpg,0.0,"[[255.]
 [255.]
 [255.]
 ...
 [252.]
 [252.]
 [252.]]"
annotated_data//Non_face\image127.jpg,0.0,"[[206.]
 [218.]
 [221.]
 ...
 [166.]
 [113.]
 [ 63.]]"
annotated_data//Non_face\image1270.jpg,0.0,"[[239.]
 [219.]
 [205.]
 ...
 [231.]
 [163.]
 [129.]]"
annotated_data//Non_face\image1271.jpg,0.0,"[[ 6.]
 [ 4.]
 [ 4.]
 ...
 [30.]
 [35.]
 [34.]]"
annotated_data//Non_face\image1272.jpg,0.0,"[[14.]
 [23.]
 [32.]
 ...
 [10.]
 [25.]
 [32.]]"
annotated_data//Non_face\image1273.jpg,0.0,"[[ 30.]
 [ 46.]
 [ 63.]
 ...
 [ 73.]
 [ 89.]
 [105.]]"
annotated_data//Non_face\image1274.jpg,0.0,"[[144.]
 [146.]
 [134.]
 ...
 [131.]
 [137.]
 [124.]]"
annotated_data//Non_face\image1275.jpg,0.0,"[[158.]
 [149.]
 [136.]
 ...
 [224.]
 [230.]
 [225.]]"
annotated_data//Non_face\image1276.jpg,0.0,"[[ 95.]
 [145.]
 [167.]
 ...
 [111.]
 [171.]
 [195.]]"
annotated_data//Non_face\image1277.jpg,0.0,"[[117.]
 [ 86.]
 [ 71.]
 ...
 [127.]
 [ 99.]
 [ 84.]]"
annotated_data//Non_face\image1278.jpg,0.0,"[[ 24.]
 [ 38.]
 [ 51.]
 ...
 [ 74.]
 [119.]
 [114.]]"
annotated_data//Non_face\image1279.jpg,0.0,"[[201.]
 [173.]
 [149.]
 ...
 [ 17.]
 [ 36.]
 [ 72.]]"
annotated_data//Non_face\image128.jpg,0.0,"[[232.]
 [232.]
 [232.]
 ...
 [232.]
 [232.]
 [232.]]"
annotated_data//Non_face\image1280.jpg,0.0,"[[207.]
 [184.]
 [176.]
 ...
 [ 56.]
 [ 48.]
 [ 58.]]"
annotated_data//Non_face\image1281.jpg,0.0,"[[231.]
 [245.]
 [243.]
 ...
 [221.]
 [229.]
 [217.]]"
annotated_data//Non_face\image1282.jpg,0.0,"[[111.]
 [100.]
 [ 88.]
 ...
 [ 52.]
 [ 56.]
 [ 57.]]"
annotated_data//Non_face\image1283.jpg,0.0,"[[ 98.]
 [104.]
 [125.]
 ...
 [ 98.]
 [100.]
 [110.]]"
annotated_data//Non_face\image1284.jpg,0.0,"[[80.]
 [84.]
 [78.]
 ...
 [54.]
 [60.]
 [67.]]"
annotated_data//Non_face\image1285.jpg,0.0,"[[ 86.]
 [105.]
 [110.]
 ...
 [ 97.]
 [116.]
 [121.]]"
annotated_data//Non_face\image1286.jpg,0.0,"[[ 44.]
 [ 82.]
 [101.]
 ...
 [124.]
 [150.]
 [159.]]"
annotated_data//Non_face\image1287.jpg,0.0,"[[203.]
 [205.]
 [199.]
 ...
 [195.]
 [202.]
 [195.]]"
annotated_data//Non_face\image1288.jpg,0.0,"[[148.]
 [152.]
 [163.]
 ...
 [152.]
 [200.]
 [213.]]"
annotated_data//Non_face\image1289.jpg,0.0,"[[76.]
 [97.]
 [98.]
 ...
 [69.]
 [90.]
 [98.]]"
annotated_data//Non_face\image129.jpg,0.0,"[[114.]
 [125.]
 [118.]
 ...
 [243.]
 [245.]
 [246.]]"
annotated_data//Non_face\image1290.jpg,0.0,"[[12.]
 [15.]
 [13.]
 ...
 [ 6.]
 [ 6.]
 [ 6.]]"
annotated_data//Non_face\image1291.jpg,0.0,"[[ 6.]
 [15.]
 [31.]
 ...
 [10.]
 [12.]
 [22.]]"
annotated_data//Non_face\image1292.jpg,0.0,"[[216.]
 [219.]
 [214.]
 ...
 [165.]
 [194.]
 [211.]]"
annotated_data//Non_face\image1293.jpg,0.0,"[[184.]
 [181.]
 [176.]
 ...
 [152.]
 [146.]
 [141.]]"
annotated_data//Non_face\image1294.jpg,0.0,"[[199.]
 [202.]
 [200.]
 ...
 [206.]
 [209.]
 [207.]]"
annotated_data//Non_face\image1295.jpg,0.0,"[[ 44.]
 [ 49.]
 [ 52.]
 ...
 [158.]
 [200.]
 [209.]]"
annotated_data//Non_face\image1296.jpg,0.0,"[[63.]
 [46.]
 [48.]
 ...
 [48.]
 [39.]
 [35.]]"
annotated_data//Non_face\image1297.jpg,0.0,"[[231.]
 [212.]
 [204.]
 ...
 [ 46.]
 [ 28.]
 [ 25.]]"
annotated_data//Non_face\image1298.jpg,0.0,"[[2.]
 [2.]
 [2.]
 ...
 [0.]
 [0.]
 [8.]]"
annotated_data//Non_face\image1299.jpg,0.0,"[[165.]
 [191.]
 [191.]
 ...
 [113.]
 [141.]
 [137.]]"
annotated_data//Non_face\image13.jpg,0.0,"[[27.]
 [ 2.]
 [ 2.]
 ...
 [ 6.]
 [ 6.]
 [ 6.]]"
annotated_data//Non_face\image130.jpg,0.0,"[[60.]
 [62.]
 [20.]
 ...
 [44.]
 [54.]
 [ 8.]]"
annotated_data//Non_face\image1300.jpg,0.0,"[[0.]
 [0.]
 [0.]
 ...
 [0.]
 [0.]
 [0.]]"
annotated_data//Non_face\image1301.jpg,0.0,"[[249.]
 [235.]
 [237.]
 ...
 [248.]
 [236.]
 [236.]]"
annotated_data//Non_face\image1302.jpg,0.0,"[[ 51.]
 [ 54.]
 [119.]
 ...
 [125.]
 [149.]
 [155.]]"
annotated_data//Non_face\image1303.jpg,0.0,"[[154.]
 [154.]
 [154.]
 ...
 [155.]
 [155.]
 [155.]]"
annotated_data//Non_face\image1304.jpg,0.0,"[[186.]
 [207.]
 [198.]
 ...
 [ 81.]
 [ 97.]
 [169.]]"
annotated_data//Non_face\image1305.jpg,0.0,"[[ 34.]
 [ 43.]
 [ 60.]
 ...
 [157.]
 [163.]
 [173.]]"
annotated_data//Non_face\image1306.jpg,0.0,"[[179.]
 [179.]
 [167.]
 ...
 [117.]
 [111.]
 [104.]]"
annotated_data//Non_face\image1307.jpg,0.0,"[[176.]
 [204.]
 [221.]
 ...
 [183.]
 [209.]
 [226.]]"
annotated_data//Non_face\image1308.jpg,0.0,"[[ 21.]
 [ 81.]
 [ 70.]
 ...
 [167.]
 [151.]
 [122.]]"
annotated_data//Non_face\image1309.jpg,0.0,"[[34.]
 [48.]
 [40.]
 ...
 [52.]
 [80.]
 [61.]]"
annotated_data//Non_face\image131.jpg,0.0,"[[198.]
 [202.]
 [251.]
 ...
 [ 62.]
 [ 37.]
 [251.]]"
annotated_data//Non_face\image1310.jpg,0.0,"[[ 39.]
 [120.]
 [117.]
 ...
 [ 14.]
 [  2.]
 [  8.]]"
annotated_data//Non_face\image1311.jpg,0.0,"[[223.]
 [228.]
 [227.]
 ...
 [223.]
 [228.]
 [227.]]"
annotated_data//Non_face\image1312.jpg,0.0,"[[1.]
 [1.]
 [1.]
 ...
 [1.]
 [1.]
 [1.]]"
annotated_data//Non_face\image1313.jpg,0.0,"[[ 59.]
 [ 82.]
 [112.]
 ...
 [ 27.]
 [ 24.]
 [ 19.]]"
annotated_data//Non_face\image1314.jpg,0.0,"[[91.]
 [72.]
 [34.]
 ...
 [89.]
 [77.]
 [41.]]"
annotated_data//Non_face\image1315.jpg,0.0,"[[219.]
 [197.]
 [183.]
 ...
 [140.]
 [138.]
 [138.]]"
annotated_data//Non_face\image1316.jpg,0.0,"[[133.]
 [136.]
 [141.]
 ...
 [136.]
 [139.]
 [143.]]"
annotated_data//Non_face\image1317.jpg,0.0,"[[13.]
 [12.]
 [ 9.]
 ...
 [18.]
 [17.]
 [13.]]"
annotated_data//Non_face\image1318.jpg,0.0,"[[110.]
 [125.]
 [ 97.]
 ...
 [ 30.]
 [ 32.]
 [ 90.]]"
annotated_data//Non_face\image1319.jpg,0.0,"[[32.]
 [43.]
 [63.]
 ...
 [ 0.]
 [ 2.]
 [12.]]"
annotated_data//Non_face\image132.jpg,0.0,"[[128.]
 [ 89.]
 [ 81.]
 ...
 [136.]
 [ 97.]
 [ 88.]]"
annotated_data//Non_face\image1320.jpg,0.0,"[[ 19.]
 [ 71.]
 [ 64.]
 ...
 [ 57.]
 [102.]
 [ 90.]]"
annotated_data//Non_face\image1321.jpg,0.0,"[[167.]
 [123.]
 [100.]
 ...
 [163.]
 [120.]
 [101.]]"
annotated_data//Non_face\image1322.jpg,0.0,"[[106.]
 [ 85.]
 [ 40.]
 ...
 [105.]
 [ 84.]
 [ 39.]]"
annotated_data//Non_face\image1323.jpg,0.0,"[[0.]
 [0.]
 [0.]
 ...
 [3.]
 [1.]
 [1.]]"
annotated_data//Non_face\image1324.jpg,0.0,"[[48.]
 [69.]
 [60.]
 ...
 [83.]
 [96.]
 [88.]]"
annotated_data//Non_face\image1325.jpg,0.0,"[[194.]
 [199.]
 [200.]
 ...
 [117.]
 [154.]
 [203.]]"
annotated_data//Non_face\image1326.jpg,0.0,"[[213.]
 [224.]
 [162.]
 ...
 [223.]
 [232.]
 [175.]]"
annotated_data//Non_face\image1327.jpg,0.0,"[[142.]
 [200.]
 [222.]
 ...
 [182.]
 [208.]
 [208.]]"
annotated_data//Non_face\image1328.jpg,0.0,"[[213.]
 [247.]
 [238.]
 ...
 [ 24.]
 [ 40.]
 [ 87.]]"
annotated_data//Non_face\image1329.jpg,0.0,"[[224.]
 [212.]
 [212.]
 ...
 [217.]
 [204.]
 [212.]]"
annotated_data//Non_face\image133.jpg,0.0,"[[79.]
 [96.]
 [85.]
 ...
 [64.]
 [80.]
 [66.]]"
annotated_data//Non_face\image1330.jpg,0.0,"[[11.]
 [11.]
 [24.]
 ...
 [13.]
 [18.]
 [39.]]"
annotated_data//Non_face\image1331.jpg,0.0,"[[35.]
 [43.]
 [43.]
 ...
 [33.]
 [46.]
 [48.]]"
annotated_data//Non_face\image1332.jpg,0.0,"[[10.]
 [ 6.]
 [ 6.]
 ...
 [19.]
 [ 8.]
 [10.]]"
annotated_data//Non_face\image1333.jpg,0.0,"[[106.]
 [118.]
 [155.]
 ...
 [224.]
 [229.]
 [228.]]"
annotated_data//Non_face\image1334.jpg,0.0,"[[163.]
 [193.]
 [204.]
 ...
 [136.]
 [179.]
 [194.]]"
annotated_data//Non_face\image1335.jpg,0.0,"[[ 0.]
 [24.]
 [34.]
 ...
 [74.]
 [65.]
 [56.]]"
annotated_data//Non_face\image1336.jpg,0.0,"[[29.]
 [42.]
 [28.]
 ...
 [74.]
 [85.]
 [93.]]"
annotated_data//Non_face\image1337.jpg,0.0,"[[ 90.]
 [162.]
 [164.]
 ...
 [113.]
 [180.]
 [176.]]"
annotated_data//Non_face\image1338.jpg,0.0,"[[144.]
 [124.]
 [119.]
 ...
 [140.]
 [120.]
 [115.]]"
annotated_data//Non_face\image1339.jpg,0.0,"[[156.]
 [121.]
 [ 88.]
 ...
 [159.]
 [118.]
 [ 86.]]"
annotated_data//Non_face\image134.jpg,0.0,"[[45.]
 [74.]
 [78.]
 ...
 [42.]
 [61.]
 [73.]]"
annotated_data//Non_face\image1340.jpg,0.0,"[[62.]
 [80.]
 [81.]
 ...
 [59.]
 [79.]
 [80.]]"
annotated_data//Non_face\image1341.jpg,0.0,"[[165.]
 [195.]
 [200.]
 ...
 [162.]
 [191.]
 [200.]]"
annotated_data//Non_face\image1342.jpg,0.0,"[[0.]
 [0.]
 [0.]
 ...
 [0.]
 [0.]
 [0.]]"
annotated_data//Non_face\image1343.jpg,0.0,"[[147.]
 [150.]
 [154.]
 ...
 [161.]
 [160.]
 [164.]]"
annotated_data//Non_face\image1344.jpg,0.0,"[[ 40.]
 [ 98.]
 [116.]
 ...
 [ 30.]
 [ 63.]
 [ 51.]]"
annotated_data//Non_face\image1345.jpg,0.0,"[[57.]
 [64.]
 [81.]
 ...
 [69.]
 [75.]
 [94.]]"
annotated_data//Non_face\image1346.jpg,0.0,"[[ 85.]
 [102.]
 [134.]
 ...
 [ 71.]
 [ 73.]
 [ 92.]]"
annotated_data//Non_face\image1347.jpg,0.0,"[[145.]
 [ 76.]
 [ 65.]
 ...
 [150.]
 [ 62.]
 [ 45.]]"
annotated_data//Non_face\image1348.jpg,0.0,"[[  4.]
 [  2.]
 [  2.]
 ...
 [221.]
 [211.]
 [204.]]"
annotated_data//Non_face\image1349.jpg,0.0,"[[ 88.]
 [107.]
 [141.]
 ...
 [184.]
 [204.]
 [217.]]"
annotated_data//Non_face\image135.jpg,0.0,"[[ 10.]
 [  3.]
 [  0.]
 ...
 [124.]
 [147.]
 [143.]]"
annotated_data//Non_face\image1350.jpg,0.0,"[[  3.]
 [ 36.]
 [ 91.]
 ...
 [ 51.]
 [ 72.]
 [115.]]"
annotated_data//Non_face\image1351.jpg,0.0,"[[208.]
 [214.]
 [213.]
 ...
 [219.]
 [224.]
 [225.]]"
annotated_data//Non_face\image1352.jpg,0.0,"[[170.]
 [ 99.]
 [ 62.]
 ...
 [167.]
 [ 96.]
 [ 59.]]"
annotated_data//Non_face\image1353.jpg,0.0,"[[231.]
 [224.]
 [227.]
 ...
 [229.]
 [223.]
 [228.]]"
annotated_data//Non_face\image1354.jpg,0.0,"[[243.]
 [243.]
 [249.]
 ...
 [253.]
 [252.]
 [254.]]"
annotated_data//Non_face\image1355.jpg,0.0,"[[37.]
 [35.]
 [31.]
 ...
 [45.]
 [39.]
 [28.]]"
annotated_data//Non_face\image1356.jpg,0.0,"[[52.]
 [21.]
 [32.]
 ...
 [52.]
 [21.]
 [37.]]"
annotated_data//Non_face\image1357.jpg,0.0,"[[255.]
 [253.]
 [254.]
 ...
 [ 69.]
 [110.]
 [162.]]"
annotated_data//Non_face\image1358.jpg,0.0,"[[ 37.]
 [ 37.]
 [ 19.]
 ...
 [ 82.]
 [222.]
 [184.]]"
annotated_data//Non_face\image1359.jpg,0.0,"[[168.]
 [ 82.]
 [ 90.]
 ...
 [164.]
 [111.]
 [137.]]"
annotated_data//Non_face\image136.jpg,0.0,"[[158.]
 [156.]
 [148.]
 ...
 [ 88.]
 [ 53.]
 [ 22.]]"
annotated_data//Non_face\image1360.jpg,0.0,"[[ 67.]
 [ 65.]
 [ 65.]
 ...
 [135.]
 [120.]
 [145.]]"
annotated_data//Non_face\image1361.jpg,0.0,"[[106.]
 [116.]
 [127.]
 ...
 [117.]
 [133.]
 [145.]]"
annotated_data//Non_face\image1362.jpg,0.0,"[[79.]
 [79.]
 [65.]
 ...
 [82.]
 [76.]
 [63.]]"
annotated_data//Non_face\image1363.jpg,0.0,"[[171.]
 [220.]
 [200.]
 ...
 [ 76.]
 [111.]
 [131.]]"
annotated_data//Non_face\image1364.jpg,0.0,"[[59.]
 [53.]
 [48.]
 ...
 [64.]
 [58.]
 [53.]]"
annotated_data//Non_face\image1365.jpg,0.0,"[[161.]
 [183.]
 [164.]
 ...
 [156.]
 [182.]
 [159.]]"
annotated_data//Non_face\image1366.jpg,0.0,"[[153.]
 [142.]
 [144.]
 ...
 [166.]
 [157.]
 [153.]]"
annotated_data//Non_face\image1367.jpg,0.0,"[[187.]
 [149.]
 [167.]
 ...
 [176.]
 [138.]
 [156.]]"
annotated_data//Non_face\image1368.jpg,0.0,"[[ 14.]
 [ 19.]
 [ 18.]
 ...
 [107.]
 [123.]
 [144.]]"
annotated_data//Non_face\image1369.jpg,0.0,"[[112.]
 [ 91.]
 [ 70.]
 ...
 [114.]
 [ 93.]
 [ 72.]]"
annotated_data//Non_face\image137.jpg,0.0,"[[ 57.]
 [ 73.]
 [ 69.]
 ...
 [217.]
 [234.]
 [190.]]"
annotated_data//Non_face\image1370.jpg,0.0,"[[169.]
 [129.]
 [110.]
 ...
 [174.]
 [141.]
 [122.]]"
annotated_data//Non_face\image1371.jpg,0.0,"[[31.]
 [42.]
 [63.]
 ...
 [45.]
 [46.]
 [70.]]"
annotated_data//Non_face\image1372.jpg,0.0,"[[115.]
 [136.]
 [144.]
 ...
 [ 30.]
 [ 38.]
 [ 38.]]"
annotated_data//Non_face\image1373.jpg,0.0,"[[  8.]
 [  9.]
 [  6.]
 ...
 [ 50.]
 [ 65.]
 [113.]]"
annotated_data//Non_face\image1374.jpg,0.0,"[[ 83.]
 [104.]
 [ 79.]
 ...
 [ 89.]
 [106.]
 [ 83.]]"
annotated_data//Non_face\image1375.jpg,0.0,"[[11.]
 [13.]
 [ 3.]
 ...
 [ 8.]
 [11.]
 [ 2.]]"
annotated_data//Non_face\image1376.jpg,0.0,"[[ 67.]
 [ 63.]
 [ 62.]
 ...
 [189.]
 [184.]
 [193.]]"
annotated_data//Non_face\image1377.jpg,0.0,"[[ 83.]
 [ 31.]
 [ 14.]
 ...
 [100.]
 [ 49.]
 [ 42.]]"
annotated_data//Non_face\image1378.jpg,0.0,"[[ 56.]
 [ 40.]
 [149.]
 ...
 [ 39.]
 [ 23.]
 [119.]]"
annotated_data//Non_face\image1379.jpg,0.0,"[[71.]
 [12.]
 [ 2.]
 ...
 [72.]
 [30.]
 [23.]]"
annotated_data//Non_face\image138.jpg,0.0,"[[ 64.]
 [ 78.]
 [ 98.]
 ...
 [156.]
 [129.]
 [123.]]"
annotated_data//Non_face\image1380.jpg,0.0,"[[ 84.]
 [112.]
 [ 66.]
 ...
 [113.]
 [151.]
 [103.]]"
annotated_data//Non_face\image1381.jpg,0.0,"[[127.]
 [144.]
 [165.]
 ...
 [ 59.]
 [ 75.]
 [142.]]"
annotated_data//Non_face\image1382.jpg,0.0,"[[255.]
 [255.]
 [255.]
 ...
 [129.]
 [125.]
 [124.]]"
annotated_data//Non_face\image1383.jpg,0.0,"[[239.]
 [195.]
 [111.]
 ...
 [ 55.]
 [ 73.]
 [ 76.]]"
annotated_data//Non_face\image1384.jpg,0.0,"[[198.]
 [236.]
 [254.]
 ...
 [ 67.]
 [ 87.]
 [ 98.]]"
annotated_data//Non_face\image1385.jpg,0.0,"[[21.]
 [ 7.]
 [ 9.]
 ...
 [25.]
 [ 9.]
 [11.]]"
annotated_data//Non_face\image1386.jpg,0.0,"[[254.]
 [251.]
 [247.]
 ...
 [255.]
 [255.]
 [255.]]"
annotated_data//Non_face\image1387.jpg,0.0,"[[ 60.]
 [ 92.]
 [122.]
 ...
 [ 84.]
 [114.]
 [150.]]"
annotated_data//Non_face\image1388.jpg,0.0,"[[ 55.]
 [116.]
 [ 82.]
 ...
 [ 64.]
 [224.]
 [253.]]"
annotated_data//Non_face\image1389.jpg,0.0,"[[179.]
 [181.]
 [175.]
 ...
 [169.]
 [175.]
 [170.]]"
annotated_data//Non_face\image139.jpg,0.0,"[[201.]
 [220.]
 [217.]
 ...
 [ 61.]
 [ 71.]
 [ 68.]]"
annotated_data//Non_face\image1390.jpg,0.0,"[[ 97.]
 [133.]
 [149.]
 ...
 [ 62.]
 [ 81.]
 [ 82.]]"
annotated_data//Non_face\image1391.jpg,0.0,"[[44.]
 [56.]
 [60.]
 ...
 [47.]
 [63.]
 [75.]]"
annotated_data//Non_face\image1392.jpg,0.0,"[[180.]
 [149.]
 [124.]
 ...
 [177.]
 [135.]
 [112.]]"
annotated_data//Non_face\image1393.jpg,0.0,"[[ 69.]
 [ 38.]
 [  7.]
 ...
 [135.]
 [109.]
 [ 50.]]"
annotated_data//Non_face\image1394.jpg,0.0,"[[ 2.]
 [ 4.]
 [ 5.]
 ...
 [29.]
 [41.]
 [43.]]"
annotated_data//Non_face\image1395.jpg,0.0,"[[203.]
 [123.]
 [ 60.]
 ...
 [ 12.]
 [ 11.]
 [  1.]]"
annotated_data//Non_face\image1396.jpg,0.0,"[[122.]
 [142.]
 [158.]
 ...
 [171.]
 [176.]
 [174.]]"
annotated_data//Non_face\image1397.jpg,0.0,"[[220.]
 [226.]
 [221.]
 ...
 [244.]
 [245.]
 [241.]]"
annotated_data//Non_face\image1398.jpg,0.0,"[[255.]
 [255.]
 [255.]
 ...
 [ 94.]
 [ 93.]
 [ 99.]]"
annotated_data//Non_face\image1399.jpg,0.0,"[[105.]
 [113.]
 [113.]
 ...
 [113.]
 [121.]
 [121.]]"
annotated_data//Non_face\image14.jpg,0.0,"[[ 37.]
 [ 43.]
 [ 42.]
 ...
 [154.]
 [204.]
 [212.]]"
annotated_data//Non_face\image140.jpg,0.0,"[[139.]
 [144.]
 [142.]
 ...
 [140.]
 [147.]
 [144.]]"
annotated_data//Non_face\image1400.jpg,0.0,"[[208.]
 [214.]
 [213.]
 ...
 [199.]
 [203.]
 [204.]]"
annotated_data//Non_face\image1401.jpg,0.0,"[[ 96.]
 [ 81.]
 [148.]
 ...
 [ 91.]
 [ 84.]
 [160.]]"
annotated_data//Non_face\image1402.jpg,0.0,"[[ 61.]
 [ 57.]
 [ 62.]
 ...
 [217.]
 [226.]
 [238.]]"
annotated_data//Non_face\image1403.jpg,0.0,"[[ 12.]
 [ 15.]
 [117.]
 ...
 [225.]
 [231.]
 [229.]]"
annotated_data//Non_face\image1404.jpg,0.0,"[[185.]
 [ 76.]
 [ 48.]
 ...
 [185.]
 [100.]
 [ 76.]]"
annotated_data//Non_face\image1405.jpg,0.0,"[[ 18.]
 [ 19.]
 [ 19.]
 ...
 [ 63.]
 [ 86.]
 [142.]]"
annotated_data//Non_face\image1406.jpg,0.0,"[[ 13.]
 [ 20.]
 [ 29.]
 ...
 [ 20.]
 [ 58.]
 [197.]]"
annotated_data//Non_face\image1407.jpg,0.0,"[[161.]
 [147.]
 [141.]
 ...
 [194.]
 [197.]
 [205.]]"
annotated_data//Non_face\image1408.jpg,0.0,"[[ 95.]
 [ 94.]
 [ 80.]
 ...
 [123.]
 [118.]
 [110.]]"
annotated_data//Non_face\image1409.jpg,0.0,"[[46.]
 [56.]
 [44.]
 ...
 [51.]
 [74.]
 [46.]]"
annotated_data//Non_face\image141.jpg,0.0,"[[132.]
 [ 66.]
 [ 31.]
 ...
 [107.]
 [ 57.]
 [ 39.]]"
annotated_data//Non_face\image1410.jpg,0.0,"[[196.]
 [198.]
 [192.]
 ...
 [203.]
 [205.]
 [199.]]"
annotated_data//Non_face\image1411.jpg,0.0,"[[250.]
 [247.]
 [243.]
 ...
 [219.]
 [218.]
 [213.]]"
annotated_data//Non_face\image1412.jpg,0.0,"[[26.]
 [25.]
 [15.]
 ...
 [25.]
 [24.]
 [14.]]"
annotated_data//Non_face\image1413.jpg,0.0,"[[50.]
 [64.]
 [66.]
 ...
 [18.]
 [ 7.]
 [10.]]"
annotated_data//Non_face\image1414.jpg,0.0,"[[110.]
 [ 97.]
 [ 11.]
 ...
 [104.]
 [ 96.]
 [ 63.]]"
annotated_data//Non_face\image1415.jpg,0.0,"[[30.]
 [27.]
 [22.]
 ...
 [34.]
 [34.]
 [28.]]"
annotated_data//Non_face\image1416.jpg,0.0,"[[ 9.]
 [27.]
 [44.]
 ...
 [15.]
 [38.]
 [64.]]"
annotated_data//Non_face\image1417.jpg,0.0,"[[ 45.]
 [125.]
 [162.]
 ...
 [ 95.]
 [161.]
 [186.]]"
annotated_data//Non_face\image1418.jpg,0.0,"[[235.]
 [227.]
 [215.]
 ...
 [254.]
 [254.]
 [254.]]"
annotated_data//Non_face\image1419.jpg,0.0,"[[ 0.]
 [ 4.]
 [ 3.]
 ...
 [50.]
 [30.]
 [10.]]"
annotated_data//Non_face\image142.jpg,0.0,"[[247.]
 [247.]
 [247.]
 ...
 [249.]
 [249.]
 [249.]]"
annotated_data//Non_face\image1420.jpg,0.0,"[[252.]
 [255.]
 [255.]
 ...
 [ 57.]
 [ 89.]
 [ 61.]]"
annotated_data//Non_face\image1421.jpg,0.0,"[[181.]
 [179.]
 [179.]
 ...
 [191.]
 [192.]
 [191.]]"
annotated_data//Non_face\image1422.jpg,0.0,"[[127.]
 [116.]
 [104.]
 ...
 [175.]
 [166.]
 [137.]]"
annotated_data//Non_face\image1423.jpg,0.0,"[[189.]
 [194.]
 [197.]
 ...
 [120.]
 [118.]
 [130.]]"
annotated_data//Non_face\image1424.jpg,0.0,"[[ 55.]
 [128.]
 [ 78.]
 ...
 [ 23.]
 [ 26.]
 [ 30.]]"
annotated_data//Non_face\image1425.jpg,0.0,"[[ 11.]
 [ 30.]
 [ 36.]
 ...
 [ 45.]
 [ 75.]
 [100.]]"
annotated_data//Non_face\image1426.jpg,0.0,"[[ 58.]
 [ 75.]
 [ 68.]
 ...
 [ 81.]
 [105.]
 [ 97.]]"
annotated_data//Non_face\image1427.jpg,0.0,"[[190.]
 [184.]
 [177.]
 ...
 [142.]
 [149.]
 [152.]]"
annotated_data//Non_face\image1428.jpg,0.0,"[[21.]
 [24.]
 [28.]
 ...
 [28.]
 [57.]
 [64.]]"
annotated_data//Non_face\image1429.jpg,0.0,"[[53.]
 [81.]
 [92.]
 ...
 [50.]
 [79.]
 [88.]]"
annotated_data//Non_face\image143.jpg,0.0,"[[ 89.]
 [160.]
 [174.]
 ...
 [125.]
 [164.]
 [186.]]"
annotated_data//Non_face\image1430.jpg,0.0,"[[ 6.]
 [11.]
 [14.]
 ...
 [45.]
 [48.]
 [56.]]"
annotated_data//Non_face\image1431.jpg,0.0,"[[ 47.]
 [ 25.]
 [ 70.]
 ...
 [142.]
 [133.]
 [146.]]"
annotated_data//Non_face\image1432.jpg,0.0,"[[84.]
 [54.]
 [53.]
 ...
 [84.]
 [53.]
 [43.]]"
annotated_data//Non_face\image1433.jpg,0.0,"[[ 37.]
 [ 27.]
 [ 27.]
 ...
 [ 73.]
 [133.]
 [172.]]"
annotated_data//Non_face\image1434.jpg,0.0,"[[88.]
 [33.]
 [24.]
 ...
 [96.]
 [33.]
 [25.]]"
annotated_data//Non_face\image1435.jpg,0.0,"[[11.]
 [15.]
 [56.]
 ...
 [68.]
 [54.]
 [79.]]"
annotated_data//Non_face\image1436.jpg,0.0,"[[  9.]
 [ 10.]
 [ 14.]
 ...
 [158.]
 [177.]
 [192.]]"
annotated_data//Non_face\image1437.jpg,0.0,"[[ 34.]
 [ 31.]
 [ 23.]
 ...
 [ 77.]
 [112.]
 [129.]]"
annotated_data//Non_face\image1438.jpg,0.0,"[[ 36.]
 [150.]
 [172.]
 ...
 [120.]
 [182.]
 [202.]]"
annotated_data//Non_face\image1439.jpg,0.0,"[[110.]
 [ 75.]
 [ 65.]
 ...
 [113.]
 [ 80.]
 [ 65.]]"
annotated_data//Non_face\image144.jpg,0.0,"[[111.]
 [ 97.]
 [ 78.]
 ...
 [130.]
 [117.]
 [101.]]"
annotated_data//Non_face\image1440.jpg,0.0,"[[ 47.]
 [ 60.]
 [ 63.]
 ...
 [128.]
 [ 49.]
 [ 50.]]"
annotated_data//Non_face\image1441.jpg,0.0,"[[144.]
 [149.]
 [152.]
 ...
 [ 78.]
 [ 83.]
 [ 86.]]"
annotated_data//Non_face\image1442.jpg,0.0,"[[ 70.]
 [ 84.]
 [ 90.]
 ...
 [ 84.]
 [ 98.]
 [104.]]"
annotated_data//Non_face\image1443.jpg,0.0,"[[ 4.]
 [ 6.]
 [ 3.]
 ...
 [29.]
 [38.]
 [27.]]"
annotated_data//Non_face\image1444.jpg,0.0,"[[182.]
 [206.]
 [206.]
 ...
 [160.]
 [187.]
 [187.]]"
annotated_data//Non_face\image1445.jpg,0.0,"[[ 71.]
 [107.]
 [125.]
 ...
 [135.]
 [156.]
 [183.]]"
annotated_data//Non_face\image1446.jpg,0.0,"[[215.]
 [228.]
 [244.]
 ...
 [144.]
 [167.]
 [191.]]"
annotated_data//Non_face\image1447.jpg,0.0,"[[119.]
 [158.]
 [186.]
 ...
 [ 37.]
 [ 41.]
 [ 66.]]"
annotated_data//Non_face\image1448.jpg,0.0,"[[117.]
 [138.]
 [ 89.]
 ...
 [ 92.]
 [114.]
 [ 62.]]"
annotated_data//Non_face\image1449.jpg,0.0,"[[169.]
 [168.]
 [158.]
 ...
 [162.]
 [166.]
 [155.]]"
annotated_data//Non_face\image145.jpg,0.0,"[[111.]
 [ 48.]
 [ 34.]
 ...
 [138.]
 [ 68.]
 [ 45.]]"
annotated_data//Non_face\image1450.jpg,0.0,"[[189.]
 [205.]
 [198.]
 ...
 [181.]
 [182.]
 [178.]]"
annotated_data//Non_face\image1451.jpg,0.0,"[[30.]
 [34.]
 [22.]
 ...
 [ 2.]
 [ 6.]
 [ 5.]]"
annotated_data//Non_face\image1452.jpg,0.0,"[[41.]
 [57.]
 [50.]
 ...
 [45.]
 [56.]
 [53.]]"
annotated_data//Non_face\image1453.jpg,0.0,"[[18.]
 [22.]
 [41.]
 ...
 [24.]
 [23.]
 [36.]]"
annotated_data//Non_face\image1454.jpg,0.0,"[[208.]
 [151.]
 [ 72.]
 ...
 [193.]
 [147.]
 [101.]]"
annotated_data//Non_face\image1455.jpg,0.0,"[[191.]
 [201.]
 [208.]
 ...
 [ 92.]
 [118.]
 [110.]]"
annotated_data//Non_face\image1456.jpg,0.0,"[[ 44.]
 [ 84.]
 [145.]
 ...
 [145.]
 [177.]
 [183.]]"
annotated_data//Non_face\image1457.jpg,0.0,"[[25.]
 [32.]
 [25.]
 ...
 [65.]
 [75.]
 [64.]]"
annotated_data//Non_face\image1458.jpg,0.0,"[[ 86.]
 [122.]
 [159.]
 ...
 [ 42.]
 [ 53.]
 [ 81.]]"
annotated_data//Non_face\image1459.jpg,0.0,"[[ 60.]
 [107.]
 [135.]
 ...
 [ 70.]
 [117.]
 [145.]]"
annotated_data//Non_face\image146.jpg,0.0,"[[158.]
 [137.]
 [136.]
 ...
 [235.]
 [225.]
 [228.]]"
annotated_data//Non_face\image1460.jpg,0.0,"[[ 2.]
 [ 2.]
 [ 2.]
 ...
 [29.]
 [29.]
 [29.]]"
annotated_data//Non_face\image1461.jpg,0.0,"[[ 2.]
 [ 8.]
 [ 3.]
 ...
 [18.]
 [19.]
 [15.]]"
annotated_data//Non_face\image1462.jpg,0.0,"[[141.]
 [105.]
 [ 90.]
 ...
 [ 14.]
 [ 20.]
 [ 15.]]"
annotated_data//Non_face\image1463.jpg,0.0,"[[165.]
 [ 88.]
 [ 25.]
 ...
 [173.]
 [ 93.]
 [ 30.]]"
annotated_data//Non_face\image1464.jpg,0.0,"[[15.]
 [10.]
 [11.]
 ...
 [23.]
 [23.]
 [23.]]"
annotated_data//Non_face\image1465.jpg,0.0,"[[43.]
 [42.]
 [46.]
 ...
 [37.]
 [34.]
 [43.]]"
annotated_data//Non_face\image1466.jpg,0.0,"[[165.]
 [128.]
 [114.]
 ...
 [163.]
 [127.]
 [116.]]"
annotated_data//Non_face\image1467.jpg,0.0,"[[ 69.]
 [ 82.]
 [ 94.]
 ...
 [149.]
 [144.]
 [145.]]"
annotated_data//Non_face\image1468.jpg,0.0,"[[ 24.]
 [ 24.]
 [ 24.]
 ...
 [125.]
 [120.]
 [121.]]"
annotated_data//Non_face\image1469.jpg,0.0,"[[19.]
 [33.]
 [12.]
 ...
 [11.]
 [15.]
 [20.]]"
annotated_data//Non_face\image147.jpg,0.0,"[[ 91.]
 [123.]
 [ 96.]
 ...
 [ 82.]
 [104.]
 [ 82.]]"
annotated_data//Non_face\image1470.jpg,0.0,"[[148.]
 [105.]
 [ 62.]
 ...
 [101.]
 [ 41.]
 [  4.]]"
annotated_data//Non_face\image1471.jpg,0.0,"[[21.]
 [37.]
 [50.]
 ...
 [11.]
 [23.]
 [29.]]"
annotated_data//Non_face\image1472.jpg,0.0,"[[225.]
 [242.]
 [239.]
 ...
 [ 78.]
 [101.]
 [108.]]"
annotated_data//Non_face\image1473.jpg,0.0,"[[  0.]
 [  9.]
 [135.]
 ...
 [  9.]
 [ 10.]
 [  6.]]"
annotated_data//Non_face\image1474.jpg,0.0,"[[252.]
 [254.]
 [254.]
 ...
 [197.]
 [174.]
 [117.]]"
annotated_data//Non_face\image1475.jpg,0.0,"[[ 35.]
 [ 54.]
 [ 51.]
 ...
 [ 73.]
 [111.]
 [ 91.]]"
annotated_data//Non_face\image1476.jpg,0.0,"[[181.]
 [180.]
 [189.]
 ...
 [224.]
 [232.]
 [239.]]"
annotated_data//Non_face\image1477.jpg,0.0,"[[ 98.]
 [149.]
 [167.]
 ...
 [ 76.]
 [116.]
 [161.]]"
annotated_data//Non_face\image1478.jpg,0.0,"[[140.]
 [164.]
 [164.]
 ...
 [104.]
 [130.]
 [104.]]"
annotated_data//Non_face\image1479.jpg,0.0,"[[49.]
 [49.]
 [49.]
 ...
 [32.]
 [27.]
 [28.]]"
annotated_data//Non_face\image148.jpg,0.0,"[[116.]
 [144.]
 [178.]
 ...
 [118.]
 [156.]
 [190.]]"
annotated_data//Non_face\image1480.jpg,0.0,"[[234.]
 [229.]
 [247.]
 ...
 [254.]
 [244.]
 [244.]]"
annotated_data//Non_face\image1481.jpg,0.0,"[[182.]
 [142.]
 [123.]
 ...
 [ 87.]
 [ 32.]
 [ 51.]]"
annotated_data//Non_face\image1482.jpg,0.0,"[[195.]
 [205.]
 [203.]
 ...
 [189.]
 [194.]
 [197.]]"
annotated_data//Non_face\image1483.jpg,0.0,"[[100.]
 [109.]
 [159.]
 ...
 [ 90.]
 [113.]
 [165.]]"
annotated_data//Non_face\image1484.jpg,0.0,"[[38.]
 [22.]
 [ 5.]
 ...
 [48.]
 [31.]
 [10.]]"
annotated_data//Non_face\image1485.jpg,0.0,"[[ 84.]
 [126.]
 [177.]
 ...
 [109.]
 [150.]
 [194.]]"
annotated_data//Non_face\image1486.jpg,0.0,"[[ 46.]
 [121.]
 [ 53.]
 ...
 [ 45.]
 [120.]
 [ 52.]]"
annotated_data//Non_face\image1487.jpg,0.0,"[[ 1.]
 [ 1.]
 [ 1.]
 ...
 [48.]
 [55.]
 [48.]]"
annotated_data//Non_face\image1488.jpg,0.0,"[[15.]
 [28.]
 [30.]
 ...
 [ 4.]
 [13.]
 [16.]]"
annotated_data//Non_face\image1489.jpg,0.0,"[[205.]
 [208.]
 [199.]
 ...
 [191.]
 [191.]
 [174.]]"
annotated_data//Non_face\image149.jpg,0.0,"[[  7.]
 [ 11.]
 [ 12.]
 ...
 [227.]
 [228.]
 [224.]]"
annotated_data//Non_face\image1490.jpg,0.0,"[[213.]
 [213.]
 [199.]
 ...
 [209.]
 [206.]
 [192.]]"
annotated_data//Non_face\image1491.jpg,0.0,"[[194.]
 [201.]
 [203.]
 ...
 [210.]
 [224.]
 [222.]]"
annotated_data//Non_face\image1492.jpg,0.0,"[[ 14.]
 [ 46.]
 [ 62.]
 ...
 [ 79.]
 [136.]
 [162.]]"
annotated_data//Non_face\image1493.jpg,0.0,"[[45.]
 [38.]
 [23.]
 ...
 [44.]
 [29.]
 [13.]]"
annotated_data//Non_face\image1494.jpg,0.0,"[[ 62.]
 [ 94.]
 [100.]
 ...
 [ 47.]
 [ 97.]
 [119.]]"
annotated_data//Non_face\image1495.jpg,0.0,"[[127.]
 [ 98.]
 [ 68.]
 ...
 [183.]
 [189.]
 [184.]]"
annotated_data//Non_face\image1496.jpg,0.0,"[[1.]
 [1.]
 [1.]
 ...
 [1.]
 [0.]
 [4.]]"
annotated_data//Non_face\image1497.jpg,0.0,"[[186.]
 [163.]
 [154.]
 ...
 [185.]
 [169.]
 [163.]]"
annotated_data//Non_face\image1498.jpg,0.0,"[[151.]
 [166.]
 [168.]
 ...
 [ 95.]
 [ 97.]
 [ 91.]]"
annotated_data//Non_face\image1499.jpg,0.0,"[[55.]
 [48.]
 [45.]
 ...
 [53.]
 [50.]
 [46.]]"
annotated_data//Non_face\image15.jpg,0.0,"[[55.]
 [41.]
 [32.]
 ...
 [55.]
 [51.]
 [58.]]"
annotated_data//Non_face\image150.jpg,0.0,"[[141.]
 [158.]
 [167.]
 ...
 [117.]
 [149.]
 [155.]]"
annotated_data//Non_face\image1500.jpg,0.0,"[[252.]
 [252.]
 [252.]
 ...
 [213.]
 [210.]
 [206.]]"
annotated_data//Non_face\image1501.jpg,0.0,"[[193.]
 [179.]
 [180.]
 ...
 [136.]
 [ 95.]
 [102.]]"
annotated_data//Non_face\image1502.jpg,0.0,"[[133.]
 [ 86.]
 [ 49.]
 ...
 [137.]
 [ 93.]
 [ 50.]]"
annotated_data//Non_face\image1503.jpg,0.0,"[[179.]
 [178.]
 [168.]
 ...
 [174.]
 [173.]
 [163.]]"
annotated_data//Non_face\image1504.jpg,0.0,"[[133.]
 [ 86.]
 [ 49.]
 ...
 [137.]
 [ 93.]
 [ 50.]]"
annotated_data//Non_face\image1505.jpg,0.0,"[[250.]
 [250.]
 [250.]
 ...
 [126.]
 [135.]
 [164.]]"
annotated_data//Non_face\image1506.jpg,0.0,"[[219.]
 [221.]
 [229.]
 ...
 [244.]
 [247.]
 [250.]]"
annotated_data//Non_face\image1507.jpg,0.0,"[[67.]
 [50.]
 [41.]
 ...
 [67.]
 [50.]
 [41.]]"
annotated_data//Non_face\image1508.jpg,0.0,"[[26.]
 [30.]
 [17.]
 ...
 [24.]
 [45.]
 [51.]]"
annotated_data//Non_face\image1509.jpg,0.0,"[[219.]
 [221.]
 [221.]
 ...
 [187.]
 [198.]
 [202.]]"
annotated_data//Non_face\image151.jpg,0.0,"[[ 28.]
 [ 68.]
 [ 89.]
 ...
 [162.]
 [172.]
 [166.]]"
annotated_data//Non_face\image1510.jpg,0.0,"[[114.]
 [148.]
 [161.]
 ...
 [121.]
 [153.]
 [167.]]"
annotated_data//Non_face\image1511.jpg,0.0,"[[162.]
 [188.]
 [205.]
 ...
 [126.]
 [168.]
 [197.]]"
annotated_data//Non_face\image1512.jpg,0.0,"[[208.]
 [203.]
 [191.]
 ...
 [ 29.]
 [ 34.]
 [ 52.]]"
annotated_data//Non_face\image1513.jpg,0.0,"[[27.]
 [34.]
 [19.]
 ...
 [29.]
 [37.]
 [20.]]"
annotated_data//Non_face\image1514.jpg,0.0,"[[ 75.]
 [121.]
 [138.]
 ...
 [110.]
 [152.]
 [164.]]"
annotated_data//Non_face\image1515.jpg,0.0,"[[226.]
 [228.]
 [241.]
 ...
 [187.]
 [175.]
 [151.]]"
annotated_data//Non_face\image1516.jpg,0.0,"[[101.]
 [118.]
 [104.]
 ...
 [  1.]
 [  5.]
 [  6.]]"
annotated_data//Non_face\image1517.jpg,0.0,"[[ 75.]
 [112.]
 [ 72.]
 ...
 [ 75.]
 [ 90.]
 [ 96.]]"
annotated_data//Non_face\image1518.jpg,0.0,"[[ 89.]
 [101.]
 [ 93.]
 ...
 [117.]
 [120.]
 [104.]]"
annotated_data//Non_face\image1519.jpg,0.0,"[[253.]
 [255.]
 [253.]
 ...
 [170.]
 [247.]
 [244.]]"
annotated_data//Non_face\image152.jpg,0.0,"[[101.]
 [126.]
 [ 64.]
 ...
 [ 68.]
 [181.]
 [177.]]"
annotated_data//Non_face\image1520.jpg,0.0,"[[130.]
 [127.]
 [123.]
 ...
 [ 21.]
 [ 24.]
 [ 20.]]"
annotated_data//Non_face\image1521.jpg,0.0,"[[193.]
 [198.]
 [200.]
 ...
 [180.]
 [164.]
 [172.]]"
annotated_data//Non_face\image1522.jpg,0.0,"[[216.]
 [220.]
 [221.]
 ...
 [103.]
 [116.]
 [102.]]"
annotated_data//Non_face\image1523.jpg,0.0,"[[ 4.]
 [10.]
 [ 9.]
 ...
 [11.]
 [16.]
 [17.]]"
annotated_data//Non_face\image1524.jpg,0.0,"[[13.]
 [ 7.]
 [ 9.]
 ...
 [29.]
 [28.]
 [30.]]"
annotated_data//Non_face\image1525.jpg,0.0,"[[59.]
 [75.]
 [88.]
 ...
 [52.]
 [66.]
 [78.]]"
annotated_data//Non_face\image1526.jpg,0.0,"[[104.]
 [124.]
 [142.]
 ...
 [116.]
 [133.]
 [152.]]"
annotated_data//Non_face\image1527.jpg,0.0,"[[ 8.]
 [ 0.]
 [ 0.]
 ...
 [23.]
 [16.]
 [ 7.]]"
annotated_data//Non_face\image1528.jpg,0.0,"[[240.]
 [209.]
 [178.]
 ...
 [211.]
 [175.]
 [129.]]"
annotated_data//Non_face\image1529.jpg,0.0,"[[218.]
 [215.]
 [210.]
 ...
 [221.]
 [221.]
 [215.]]"
annotated_data//Non_face\image153.jpg,0.0,"[[137.]
 [134.]
 [129.]
 ...
 [180.]
 [179.]
 [179.]]"
annotated_data//Non_face\image1530.jpg,0.0,"[[127.]
 [160.]
 [176.]
 ...
 [107.]
 [148.]
 [181.]]"
annotated_data//Non_face\image1531.jpg,0.0,"[[7.]
 [2.]
 [3.]
 ...
 [4.]
 [4.]
 [4.]]"
annotated_data//Non_face\image1532.jpg,0.0,"[[122.]
 [166.]
 [180.]
 ...
 [125.]
 [166.]
 [188.]]"
annotated_data//Non_face\image1533.jpg,0.0,"[[0.]
 [0.]
 [0.]
 ...
 [0.]
 [0.]
 [0.]]"
annotated_data//Non_face\image1534.jpg,0.0,"[[23.]
 [18.]
 [19.]
 ...
 [88.]
 [90.]
 [88.]]"
annotated_data//Non_face\image1535.jpg,0.0,"[[124.]
 [139.]
 [141.]
 ...
 [152.]
 [173.]
 [174.]]"
annotated_data//Non_face\image1536.jpg,0.0,"[[0.]
 [0.]
 [0.]
 ...
 [0.]
 [0.]
 [0.]]"
annotated_data//Non_face\image1537.jpg,0.0,"[[151.]
 [174.]
 [189.]
 ...
 [127.]
 [161.]
 [179.]]"
annotated_data//Non_face\image1538.jpg,0.0,"[[58.]
 [69.]
 [67.]
 ...
 [58.]
 [72.]
 [70.]]"
annotated_data//Non_face\image1539.jpg,0.0,"[[ 41.]
 [ 37.]
 [ 20.]
 ...
 [176.]
 [170.]
 [131.]]"
annotated_data//Non_face\image154.jpg,0.0,"[[210.]
 [202.]
 [209.]
 ...
 [227.]
 [209.]
 [226.]]"
annotated_data//Non_face\image1540.jpg,0.0,"[[ 83.]
 [108.]
 [ 64.]
 ...
 [166.]
 [191.]
 [231.]]"
annotated_data//Non_face\image1541.jpg,0.0,"[[87.]
 [79.]
 [62.]
 ...
 [98.]
 [87.]
 [65.]]"
annotated_data//Non_face\image1542.jpg,0.0,"[[ 17.]
 [ 17.]
 [ 35.]
 ...
 [ 41.]
 [ 60.]
 [121.]]"
annotated_data//Non_face\image1543.jpg,0.0,"[[184.]
 [ 96.]
 [ 85.]
 ...
 [ 36.]
 [ 33.]
 [ 28.]]"
annotated_data//Non_face\image1544.jpg,0.0,"[[234.]
 [254.]
 [255.]
 ...
 [177.]
 [197.]
 [222.]]"
annotated_data//Non_face\image1545.jpg,0.0,"[[ 57.]
 [ 83.]
 [192.]
 ...
 [146.]
 [173.]
 [220.]]"
annotated_data//Non_face\image1546.jpg,0.0,"[[249.]
 [254.]
 [255.]
 ...
 [ 69.]
 [ 66.]
 [ 51.]]"
annotated_data//Non_face\image1547.jpg,0.0,"[[35.]
 [27.]
 [33.]
 ...
 [28.]
 [22.]
 [24.]]"
annotated_data//Non_face\image1548.jpg,0.0,"[[85.]
 [12.]
 [ 2.]
 ...
 [70.]
 [ 3.]
 [ 2.]]"
annotated_data//Non_face\image1549.jpg,0.0,"[[ 62.]
 [ 62.]
 [178.]
 ...
 [ 70.]
 [ 85.]
 [105.]]"
annotated_data//Non_face\image155.jpg,0.0,"[[ 62.]
 [ 64.]
 [109.]
 ...
 [108.]
 [167.]
 [191.]]"
annotated_data//Non_face\image1550.jpg,0.0,"[[68.]
 [70.]
 [58.]
 ...
 [31.]
 [44.]
 [43.]]"
annotated_data//Non_face\image1551.jpg,0.0,"[[171.]
 [114.]
 [ 69.]
 ...
 [169.]
 [114.]
 [ 69.]]"
annotated_data//Non_face\image1552.jpg,0.0,"[[126.]
 [195.]
 [220.]
 ...
 [127.]
 [203.]
 [230.]]"
annotated_data//Non_face\image1553.jpg,0.0,"[[111.]
 [152.]
 [149.]
 ...
 [129.]
 [162.]
 [145.]]"
annotated_data//Non_face\image1554.jpg,0.0,"[[137.]
 [152.]
 [168.]
 ...
 [ 12.]
 [ 16.]
 [ 21.]]"
annotated_data//Non_face\image1555.jpg,0.0,"[[119.]
 [124.]
 [ 95.]
 ...
 [158.]
 [169.]
 [136.]]"
annotated_data//Non_face\image1556.jpg,0.0,"[[146.]
 [ 69.]
 [ 76.]
 ...
 [151.]
 [ 74.]
 [ 82.]]"
annotated_data//Non_face\image1557.jpg,0.0,"[[209.]
 [221.]
 [225.]
 ...
 [252.]
 [250.]
 [250.]]"
annotated_data//Non_face\image1558.jpg,0.0,"[[ 76.]
 [109.]
 [ 71.]
 ...
 [ 38.]
 [ 51.]
 [177.]]"
annotated_data//Non_face\image1559.jpg,0.0,"[[ 82.]
 [106.]
 [134.]
 ...
 [ 26.]
 [ 42.]
 [ 49.]]"
annotated_data//Non_face\image156.jpg,0.0,"[[ 96.]
 [128.]
 [127.]
 ...
 [  0.]
 [  0.]
 [  0.]]"
annotated_data//Non_face\image1560.jpg,0.0,"[[103.]
 [ 42.]
 [ 55.]
 ...
 [120.]
 [ 49.]
 [ 78.]]"
annotated_data//Non_face\image1561.jpg,0.0,"[[237.]
 [240.]
 [244.]
 ...
 [251.]
 [252.]
 [250.]]"
annotated_data//Non_face\image1562.jpg,0.0,"[[253.]
 [252.]
 [248.]
 ...
 [243.]
 [245.]
 [233.]]"
annotated_data//Non_face\image1563.jpg,0.0,"[[ 80.]
 [104.]
 [104.]
 ...
 [ 69.]
 [ 88.]
 [ 88.]]"
annotated_data//Non_face\image1564.jpg,0.0,"[[253.]
 [181.]
 [ 79.]
 ...
 [251.]
 [179.]
 [ 75.]]"
annotated_data//Non_face\image1565.jpg,0.0,"[[ 0.]
 [ 2.]
 [12.]
 ...
 [ 3.]
 [ 8.]
 [17.]]"
annotated_data//Non_face\image1566.jpg,0.0,"[[119.]
 [118.]
 [155.]
 ...
 [129.]
 [ 69.]
 [ 17.]]"
annotated_data//Non_face\image1567.jpg,0.0,"[[235.]
 [237.]
 [218.]
 ...
 [ 11.]
 [ 12.]
 [ 16.]]"
annotated_data//Non_face\image1568.jpg,0.0,"[[24.]
 [29.]
 [28.]
 ...
 [12.]
 [11.]
 [11.]]"
annotated_data//Non_face\image1569.jpg,0.0,"[[143.]
 [ 93.]
 [ 29.]
 ...
 [ 87.]
 [ 75.]
 [ 69.]]"
annotated_data//Non_face\image157.jpg,0.0,"[[62.]
 [51.]
 [47.]
 ...
 [65.]
 [73.]
 [63.]]"
annotated_data//Non_face\image1570.jpg,0.0,"[[ 75.]
 [183.]
 [140.]
 ...
 [  5.]
 [ 21.]
 [ 62.]]"
annotated_data//Non_face\image1571.jpg,0.0,"[[214.]
 [193.]
 [215.]
 ...
 [104.]
 [ 47.]
 [ 60.]]"
annotated_data//Non_face\image1572.jpg,0.0,"[[ 95.]
 [140.]
 [101.]
 ...
 [ 95.]
 [140.]
 [101.]]"
annotated_data//Non_face\image1573.jpg,0.0,"[[153.]
 [171.]
 [178.]
 ...
 [161.]
 [178.]
 [181.]]"
annotated_data//Non_face\image1574.jpg,0.0,"[[31.]
 [36.]
 [34.]
 ...
 [25.]
 [49.]
 [67.]]"
annotated_data//Non_face\image1575.jpg,0.0,"[[147.]
 [128.]
 [131.]
 ...
 [163.]
 [149.]
 [151.]]"
annotated_data//Non_face\image1576.jpg,0.0,"[[ 28.]
 [ 54.]
 [ 75.]
 ...
 [147.]
 [146.]
 [132.]]"
annotated_data//Non_face\image1577.jpg,0.0,"[[190.]
 [192.]
 [186.]
 ...
 [183.]
 [172.]
 [164.]]"
annotated_data//Non_face\image1578.jpg,0.0,"[[205.]
 [141.]
 [103.]
 ...
 [243.]
 [237.]
 [236.]]"
annotated_data//Non_face\image1579.jpg,0.0,"[[164.]
 [105.]
 [ 89.]
 ...
 [ 50.]
 [ 51.]
 [ 55.]]"
annotated_data//Non_face\image158.jpg,0.0,"[[ 89.]
 [125.]
 [119.]
 ...
 [193.]
 [208.]
 [187.]]"
annotated_data//Non_face\image1580.jpg,0.0,"[[141.]
 [152.]
 [159.]
 ...
 [149.]
 [157.]
 [148.]]"
annotated_data//Non_face\image1581.jpg,0.0,"[[ 9.]
 [20.]
 [24.]
 ...
 [11.]
 [23.]
 [25.]]"
annotated_data//Non_face\image1582.jpg,0.0,"[[243.]
 [232.]
 [228.]
 ...
 [238.]
 [234.]
 [233.]]"
annotated_data//Non_face\image1583.jpg,0.0,"[[166.]
 [145.]
 [147.]
 ...
 [161.]
 [158.]
 [158.]]"
annotated_data//Non_face\image1584.jpg,0.0,"[[ 34.]
 [ 86.]
 [126.]
 ...
 [ 36.]
 [ 91.]
 [134.]]"
annotated_data//Non_face\image1585.jpg,0.0,"[[226.]
 [231.]
 [240.]
 ...
 [228.]
 [233.]
 [236.]]"
annotated_data//Non_face\image1586.jpg,0.0,"[[36.]
 [37.]
 [44.]
 ...
 [32.]
 [33.]
 [45.]]"
annotated_data//Non_face\image1587.jpg,0.0,"[[ 23.]
 [ 76.]
 [136.]
 ...
 [ 51.]
 [124.]
 [182.]]"
annotated_data//Non_face\image1588.jpg,0.0,"[[188.]
 [188.]
 [188.]
 ...
 [ 48.]
 [ 67.]
 [ 83.]]"
annotated_data//Non_face\image1589.jpg,0.0,"[[123.]
 [138.]
 [140.]
 ...
 [ 71.]
 [ 97.]
 [138.]]"
annotated_data//Non_face\image159.jpg,0.0,"[[124.]
 [124.]
 [124.]
 ...
 [ 20.]
 [ 20.]
 [ 20.]]"
annotated_data//Non_face\image1590.jpg,0.0,"[[ 45.]
 [ 46.]
 [ 42.]
 ...
 [250.]
 [247.]
 [243.]]"
annotated_data//Non_face\image1591.jpg,0.0,"[[181.]
 [194.]
 [186.]
 ...
 [183.]
 [191.]
 [184.]]"
annotated_data//Non_face\image1592.jpg,0.0,"[[ 73.]
 [113.]
 [125.]
 ...
 [ 91.]
 [127.]
 [140.]]"
annotated_data//Non_face\image1593.jpg,0.0,"[[106.]
 [ 69.]
 [ 19.]
 ...
 [113.]
 [ 74.]
 [ 22.]]"
annotated_data//Non_face\image1594.jpg,0.0,"[[26.]
 [40.]
 [42.]
 ...
 [65.]
 [80.]
 [82.]]"
annotated_data//Non_face\image1595.jpg,0.0,"[[142.]
 [143.]
 [153.]
 ...
 [177.]
 [181.]
 [184.]]"
annotated_data//Non_face\image1596.jpg,0.0,"[[40.]
 [19.]
 [17.]
 ...
 [61.]
 [31.]
 [30.]]"
annotated_data//Non_face\image1597.jpg,0.0,"[[153.]
 [198.]
 [242.]
 ...
 [103.]
 [178.]
 [222.]]"
annotated_data//Non_face\image1598.jpg,0.0,"[[252.]
 [223.]
 [214.]
 ...
 [223.]
 [194.]
 [213.]]"
annotated_data//Non_face\image1599.jpg,0.0,"[[2.]
 [3.]
 [1.]
 ...
 [3.]
 [4.]
 [2.]]"
annotated_data//Non_face\image16.jpg,0.0,"[[181.]
 [ 71.]
 [ 55.]
 ...
 [194.]
 [101.]
 [ 76.]]"
annotated_data//Non_face\image160.jpg,0.0,"[[48.]
 [81.]
 [95.]
 ...
 [40.]
 [76.]
 [94.]]"
annotated_data//Non_face\image1600.jpg,0.0,"[[124.]
 [124.]
 [106.]
 ...
 [ 89.]
 [ 83.]
 [ 68.]]"
annotated_data//Non_face\image1601.jpg,0.0,"[[217.]
 [238.]
 [240.]
 ...
 [ 37.]
 [ 42.]
 [ 43.]]"
annotated_data//Non_face\image1602.jpg,0.0,"[[113.]
 [ 71.]
 [ 48.]
 ...
 [119.]
 [ 75.]
 [ 52.]]"
annotated_data//Non_face\image1603.jpg,0.0,"[[73.]
 [96.]
 [81.]
 ...
 [59.]
 [80.]
 [67.]]"
annotated_data//Non_face\image1604.jpg,0.0,"[[65.]
 [80.]
 [88.]
 ...
 [86.]
 [94.]
 [93.]]"
annotated_data//Non_face\image1605.jpg,0.0,"[[80.]
 [68.]
 [68.]
 ...
 [74.]
 [66.]
 [67.]]"
annotated_data//Non_face\image1606.jpg,0.0,"[[122.]
 [132.]
 [126.]
 ...
 [ 57.]
 [ 66.]
 [ 46.]]"
annotated_data//Non_face\image1607.jpg,0.0,"[[38.]
 [66.]
 [57.]
 ...
 [39.]
 [65.]
 [59.]]"
annotated_data//Non_face\image1608.jpg,0.0,"[[10.]
 [13.]
 [11.]
 ...
 [31.]
 [45.]
 [69.]]"
annotated_data//Non_face\image1609.jpg,0.0,"[[  1.]
 [174.]
 [218.]
 ...
 [ 14.]
 [ 20.]
 [ 19.]]"
annotated_data//Non_face\image161.jpg,0.0,"[[23.]
 [10.]
 [12.]
 ...
 [60.]
 [53.]
 [50.]]"
annotated_data//Non_face\image1610.jpg,0.0,"[[250.]
 [250.]
 [246.]
 ...
 [218.]
 [170.]
 [166.]]"
annotated_data//Non_face\image1611.jpg,0.0,"[[140.]
 [146.]
 [127.]
 ...
 [ 38.]
 [ 55.]
 [171.]]"
annotated_data//Non_face\image1612.jpg,0.0,"[[48.]
 [35.]
 [56.]
 ...
 [55.]
 [16.]
 [ 1.]]"
annotated_data//Non_face\image1613.jpg,0.0,"[[165.]
 [188.]
 [196.]
 ...
 [162.]
 [191.]
 [200.]]"
annotated_data//Non_face\image1614.jpg,0.0,"[[104.]
 [ 99.]
 [114.]
 ...
 [124.]
 [105.]
 [118.]]"
annotated_data//Non_face\image1615.jpg,0.0,"[[10.]
 [37.]
 [58.]
 ...
 [26.]
 [36.]
 [54.]]"
annotated_data//Non_face\image1616.jpg,0.0,"[[215.]
 [202.]
 [180.]
 ...
 [133.]
 [ 99.]
 [ 63.]]"
annotated_data//Non_face\image1617.jpg,0.0,"[[65.]
 [20.]
 [16.]
 ...
 [64.]
 [24.]
 [19.]]"
annotated_data//Non_face\image1618.jpg,0.0,"[[43.]
 [ 5.]
 [ 2.]
 ...
 [38.]
 [ 7.]
 [ 4.]]"
annotated_data//Non_face\image1619.jpg,0.0,"[[169.]
 [169.]
 [169.]
 ...
 [197.]
 [197.]
 [197.]]"
annotated_data//Non_face\image162.jpg,0.0,"[[128.]
 [134.]
 [140.]
 ...
 [ 64.]
 [ 74.]
 [102.]]"
annotated_data//Non_face\image1620.jpg,0.0,"[[26.]
 [46.]
 [34.]
 ...
 [25.]
 [49.]
 [37.]]"
annotated_data//Non_face\image1621.jpg,0.0,"[[183.]
 [178.]
 [179.]
 ...
 [ 10.]
 [ 16.]
 [ 15.]]"
annotated_data//Non_face\image1622.jpg,0.0,"[[193.]
 [213.]
 [218.]
 ...
 [199.]
 [219.]
 [224.]]"
annotated_data//Non_face\image1623.jpg,0.0,"[[171.]
 [172.]
 [143.]
 ...
 [147.]
 [198.]
 [141.]]"
annotated_data//Non_face\image1624.jpg,0.0,"[[133.]
 [122.]
 [113.]
 ...
 [123.]
 [107.]
 [ 96.]]"
annotated_data//Non_face\image1625.jpg,0.0,"[[ 74.]
 [ 81.]
 [155.]
 ...
 [ 83.]
 [ 98.]
 [141.]]"
annotated_data//Non_face\image1626.jpg,0.0,"[[64.]
 [70.]
 [21.]
 ...
 [91.]
 [89.]
 [54.]]"
annotated_data//Non_face\image1627.jpg,0.0,"[[11.]
 [16.]
 [19.]
 ...
 [ 6.]
 [ 5.]
 [ 9.]]"
annotated_data//Non_face\image1628.jpg,0.0,"[[26.]
 [28.]
 [36.]
 ...
 [29.]
 [31.]
 [39.]]"
annotated_data//Non_face\image1629.jpg,0.0,"[[230.]
 [157.]
 [ 99.]
 ...
 [218.]
 [135.]
 [ 79.]]"
annotated_data//Non_face\image163.jpg,0.0,"[[54.]
 [71.]
 [28.]
 ...
 [61.]
 [78.]
 [34.]]"
annotated_data//Non_face\image1630.jpg,0.0,"[[160.]
 [190.]
 [195.]
 ...
 [196.]
 [203.]
 [206.]]"
annotated_data//Non_face\image1631.jpg,0.0,"[[21.]
 [26.]
 [25.]
 ...
 [41.]
 [39.]
 [30.]]"
annotated_data//Non_face\image1632.jpg,0.0,"[[ 3.]
 [ 3.]
 [19.]
 ...
 [ 2.]
 [ 2.]
 [14.]]"
annotated_data//Non_face\image1633.jpg,0.0,"[[ 6.]
 [ 6.]
 [12.]
 ...
 [ 2.]
 [13.]
 [21.]]"
annotated_data//Non_face\image1634.jpg,0.0,"[[0.]
 [0.]
 [0.]
 ...
 [0.]
 [0.]
 [0.]]"
annotated_data//Non_face\image1635.jpg,0.0,"[[220.]
 [235.]
 [232.]
 ...
 [193.]
 [217.]
 [209.]]"
annotated_data//Non_face\image1636.jpg,0.0,"[[34.]
 [28.]
 [30.]
 ...
 [57.]
 [30.]
 [16.]]"
annotated_data//Non_face\image1637.jpg,0.0,"[[10.]
 [17.]
 [24.]
 ...
 [ 7.]
 [10.]
 [18.]]"
annotated_data//Non_face\image1638.jpg,0.0,"[[ 81.]
 [127.]
 [105.]
 ...
 [ 93.]
 [137.]
 [120.]]"
annotated_data//Non_face\image1639.jpg,0.0,"[[54.]
 [90.]
 [76.]
 ...
 [21.]
 [42.]
 [28.]]"
annotated_data//Non_face\image164.jpg,0.0,"[[ 7.]
 [ 8.]
 [12.]
 ...
 [ 8.]
 [ 9.]
 [13.]]"
annotated_data//Non_face\image1640.jpg,0.0,"[[ 69.]
 [152.]
 [167.]
 ...
 [ 91.]
 [101.]
 [ 81.]]"
annotated_data//Non_face\image1641.jpg,0.0,"[[2.]
 [2.]
 [2.]
 ...
 [2.]
 [2.]
 [2.]]"
annotated_data//Non_face\image1642.jpg,0.0,"[[154.]
 [172.]
 [185.]
 ...
 [151.]
 [153.]
 [157.]]"
annotated_data//Non_face\image1643.jpg,0.0,"[[181.]
 [198.]
 [207.]
 ...
 [192.]
 [209.]
 [218.]]"
annotated_data//Non_face\image1644.jpg,0.0,"[[ 2.]
 [13.]
 [33.]
 ...
 [ 5.]
 [16.]
 [36.]]"
annotated_data//Non_face\image1645.jpg,0.0,"[[139.]
 [222.]
 [244.]
 ...
 [ 30.]
 [ 35.]
 [ 36.]]"
annotated_data//Non_face\image1646.jpg,0.0,"[[  6.]
 [ 31.]
 [ 57.]
 ...
 [191.]
 [229.]
 [233.]]"
annotated_data//Non_face\image1647.jpg,0.0,"[[ 98.]
 [168.]
 [198.]
 ...
 [ 94.]
 [157.]
 [197.]]"
annotated_data//Non_face\image1648.jpg,0.0,"[[128.]
 [ 75.]
 [ 42.]
 ...
 [117.]
 [ 68.]
 [ 42.]]"
annotated_data//Non_face\image1649.jpg,0.0,"[[167.]
 [120.]
 [ 83.]
 ...
 [152.]
 [155.]
 [121.]]"
annotated_data//Non_face\image165.jpg,0.0,"[[ 91.]
 [126.]
 [139.]
 ...
 [ 21.]
 [ 22.]
 [ 18.]]"
annotated_data//Non_face\image1650.jpg,0.0,"[[100.]
 [ 43.]
 [ 41.]
 ...
 [221.]
 [225.]
 [225.]]"
annotated_data//Non_face\image1651.jpg,0.0,"[[ 89.]
 [137.]
 [179.]
 ...
 [137.]
 [186.]
 [236.]]"
annotated_data//Non_face\image1652.jpg,0.0,"[[199.]
 [199.]
 [199.]
 ...
 [199.]
 [199.]
 [199.]]"
annotated_data//Non_face\image1653.jpg,0.0,"[[40.]
 [58.]
 [57.]
 ...
 [35.]
 [13.]
 [15.]]"
annotated_data//Non_face\image1654.jpg,0.0,"[[233.]
 [244.]
 [242.]
 ...
 [221.]
 [227.]
 [220.]]"
annotated_data//Non_face\image1655.jpg,0.0,"[[140.]
 [146.]
 [127.]
 ...
 [ 38.]
 [ 55.]
 [171.]]"
annotated_data//Non_face\image1656.jpg,0.0,"[[181.]
 [109.]
 [115.]
 ...
 [147.]
 [145.]
 [175.]]"
annotated_data//Non_face\image1657.jpg,0.0,"[[48.]
 [35.]
 [56.]
 ...
 [55.]
 [16.]
 [ 1.]]"
annotated_data//Non_face\image1658.jpg,0.0,"[[165.]
 [188.]
 [196.]
 ...
 [162.]
 [191.]
 [200.]]"
annotated_data//Non_face\image1659.jpg,0.0,"[[104.]
 [ 99.]
 [114.]
 ...
 [124.]
 [105.]
 [118.]]"
annotated_data//Non_face\image166.jpg,0.0,"[[210.]
 [212.]
 [212.]
 ...
 [222.]
 [222.]
 [222.]]"
annotated_data//Non_face\image1660.jpg,0.0,"[[10.]
 [37.]
 [58.]
 ...
 [26.]
 [36.]
 [54.]]"
annotated_data//Non_face\image1661.jpg,0.0,"[[215.]
 [202.]
 [180.]
 ...
 [133.]
 [ 99.]
 [ 63.]]"
annotated_data//Non_face\image1662.jpg,0.0,"[[65.]
 [20.]
 [16.]
 ...
 [64.]
 [24.]
 [19.]]"
annotated_data//Non_face\image1663.jpg,0.0,"[[43.]
 [ 5.]
 [ 2.]
 ...
 [38.]
 [ 7.]
 [ 4.]]"
annotated_data//Non_face\image1664.jpg,0.0,"[[169.]
 [169.]
 [169.]
 ...
 [197.]
 [197.]
 [197.]]"
annotated_data//Non_face\image1665.jpg,0.0,"[[26.]
 [46.]
 [34.]
 ...
 [25.]
 [49.]
 [37.]]"
annotated_data//Non_face\image1666.jpg,0.0,"[[183.]
 [178.]
 [179.]
 ...
 [ 10.]
 [ 16.]
 [ 15.]]"
annotated_data//Non_face\image1667.jpg,0.0,"[[193.]
 [213.]
 [218.]
 ...
 [199.]
 [219.]
 [224.]]"
annotated_data//Non_face\image1668.jpg,0.0,"[[171.]
 [172.]
 [143.]
 ...
 [147.]
 [198.]
 [141.]]"
annotated_data//Non_face\image1669.jpg,0.0,"[[133.]
 [122.]
 [113.]
 ...
 [123.]
 [107.]
 [ 96.]]"
annotated_data//Non_face\image167.jpg,0.0,"[[125.]
 [ 68.]
 [ 56.]
 ...
 [ 77.]
 [ 53.]
 [ 51.]]"
annotated_data//Non_face\image1670.jpg,0.0,"[[ 74.]
 [ 81.]
 [155.]
 ...
 [ 83.]
 [ 98.]
 [141.]]"
annotated_data//Non_face\image1671.jpg,0.0,"[[64.]
 [70.]
 [21.]
 ...
 [91.]
 [89.]
 [54.]]"
annotated_data//Non_face\image1672.jpg,0.0,"[[11.]
 [16.]
 [19.]
 ...
 [ 6.]
 [ 5.]
 [ 9.]]"
annotated_data//Non_face\image1673.jpg,0.0,"[[26.]
 [28.]
 [36.]
 ...
 [29.]
 [31.]
 [39.]]"
annotated_data//Non_face\image1674.jpg,0.0,"[[230.]
 [157.]
 [ 99.]
 ...
 [218.]
 [135.]
 [ 79.]]"
annotated_data//Non_face\image1675.jpg,0.0,"[[160.]
 [190.]
 [195.]
 ...
 [196.]
 [203.]
 [206.]]"
annotated_data//Non_face\image1676.jpg,0.0,"[[21.]
 [26.]
 [25.]
 ...
 [41.]
 [39.]
 [30.]]"
annotated_data//Non_face\image1677.jpg,0.0,"[[ 3.]
 [ 3.]
 [19.]
 ...
 [ 2.]
 [ 2.]
 [14.]]"
annotated_data//Non_face\image1678.jpg,0.0,"[[ 6.]
 [ 6.]
 [12.]
 ...
 [ 2.]
 [13.]
 [21.]]"
annotated_data//Non_face\image1679.jpg,0.0,"[[0.]
 [0.]
 [0.]
 ...
 [0.]
 [0.]
 [0.]]"
annotated_data//Non_face\image168.jpg,0.0,"[[146.]
 [187.]
 [184.]
 ...
 [148.]
 [180.]
 [179.]]"
annotated_data//Non_face\image1680.jpg,0.0,"[[220.]
 [235.]
 [232.]
 ...
 [193.]
 [217.]
 [209.]]"
annotated_data//Non_face\image1681.jpg,0.0,"[[34.]
 [28.]
 [30.]
 ...
 [57.]
 [30.]
 [16.]]"
annotated_data//Non_face\image1682.jpg,0.0,"[[10.]
 [17.]
 [24.]
 ...
 [ 7.]
 [10.]
 [18.]]"
annotated_data//Non_face\image1683.jpg,0.0,"[[ 81.]
 [127.]
 [105.]
 ...
 [ 93.]
 [137.]
 [120.]]"
annotated_data//Non_face\image1684.jpg,0.0,"[[54.]
 [90.]
 [76.]
 ...
 [21.]
 [42.]
 [28.]]"
annotated_data//Non_face\image1685.jpg,0.0,"[[ 69.]
 [152.]
 [167.]
 ...
 [ 91.]
 [101.]
 [ 81.]]"
annotated_data//Non_face\image1686.jpg,0.0,"[[2.]
 [2.]
 [2.]
 ...
 [2.]
 [2.]
 [2.]]"
annotated_data//Non_face\image1687.jpg,0.0,"[[154.]
 [172.]
 [185.]
 ...
 [151.]
 [153.]
 [157.]]"
annotated_data//Non_face\image1688.jpg,0.0,"[[181.]
 [198.]
 [207.]
 ...
 [192.]
 [209.]
 [218.]]"
annotated_data//Non_face\image1689.jpg,0.0,"[[ 2.]
 [13.]
 [33.]
 ...
 [ 5.]
 [16.]
 [36.]]"
annotated_data//Non_face\image169.jpg,0.0,"[[ 64.]
 [129.]
 [114.]
 ...
 [ 74.]
 [135.]
 [121.]]"
annotated_data//Non_face\image1690.jpg,0.0,"[[139.]
 [222.]
 [244.]
 ...
 [ 30.]
 [ 35.]
 [ 36.]]"
annotated_data//Non_face\image1691.jpg,0.0,"[[  6.]
 [ 31.]
 [ 57.]
 ...
 [191.]
 [229.]
 [233.]]"
annotated_data//Non_face\image1692.jpg,0.0,"[[ 98.]
 [168.]
 [198.]
 ...
 [ 94.]
 [157.]
 [197.]]"
annotated_data//Non_face\image1693.jpg,0.0,"[[128.]
 [ 75.]
 [ 42.]
 ...
 [117.]
 [ 68.]
 [ 42.]]"
annotated_data//Non_face\image1694.jpg,0.0,"[[167.]
 [120.]
 [ 83.]
 ...
 [152.]
 [155.]
 [121.]]"
annotated_data//Non_face\image1695.jpg,0.0,"[[100.]
 [ 43.]
 [ 41.]
 ...
 [221.]
 [225.]
 [225.]]"
annotated_data//Non_face\image1696.jpg,0.0,"[[ 89.]
 [137.]
 [179.]
 ...
 [137.]
 [186.]
 [236.]]"
annotated_data//Non_face\image1697.jpg,0.0,"[[199.]
 [199.]
 [199.]
 ...
 [199.]
 [199.]
 [199.]]"
annotated_data//Non_face\image1698.jpg,0.0,"[[40.]
 [58.]
 [57.]
 ...
 [35.]
 [13.]
 [15.]]"
annotated_data//Non_face\image1699.jpg,0.0,"[[233.]
 [244.]
 [242.]
 ...
 [221.]
 [227.]
 [220.]]"
annotated_data//Non_face\image17.jpg,0.0,"[[211.]
 [223.]
 [225.]
 ...
 [ 15.]
 [ 17.]
 [ 25.]]"
annotated_data//Non_face\image170.jpg,0.0,"[[  6.]
 [  1.]
 [  1.]
 ...
 [228.]
 [228.]
 [243.]]"
annotated_data//Non_face\image171.jpg,0.0,"[[228.]
 [237.]
 [237.]
 ...
 [ 90.]
 [ 65.]
 [ 14.]]"
annotated_data//Non_face\image172.jpg,0.0,"[[110.]
 [ 59.]
 [ 42.]
 ...
 [108.]
 [ 61.]
 [ 43.]]"
annotated_data//Non_face\image173.jpg,0.0,"[[220.]
 [220.]
 [208.]
 ...
 [222.]
 [222.]
 [211.]]"
annotated_data//Non_face\image174.jpg,0.0,"[[ 79.]
 [129.]
 [152.]
 ...
 [ 32.]
 [ 62.]
 [ 76.]]"
annotated_data//Non_face\image175.jpg,0.0,"[[254.]
 [254.]
 [254.]
 ...
 [255.]
 [255.]
 [255.]]"
annotated_data//Non_face\image176.jpg,0.0,"[[200.]
 [205.]
 [203.]
 ...
 [202.]
 [207.]
 [205.]]"
annotated_data//Non_face\image177.jpg,0.0,"[[203.]
 [205.]
 [213.]
 ...
 [204.]
 [207.]
 [215.]]"
annotated_data//Non_face\image178.jpg,0.0,"[[ 23.]
 [ 23.]
 [ 28.]
 ...
 [179.]
 [140.]
 [131.]]"
annotated_data//Non_face\image179.jpg,0.0,"[[ 96.]
 [ 73.]
 [ 58.]
 ...
 [189.]
 [183.]
 [171.]]"
annotated_data//Non_face\image18.jpg,0.0,"[[ 64.]
 [ 61.]
 [218.]
 ...
 [  5.]
 [  5.]
 [ 22.]]"
annotated_data//Non_face\image180.jpg,0.0,"[[ 13.]
 [ 10.]
 [ 32.]
 ...
 [100.]
 [158.]
 [223.]]"
annotated_data//Non_face\image181.jpg,0.0,"[[ 50.]
 [ 80.]
 [ 97.]
 ...
 [ 63.]
 [ 93.]
 [112.]]"
annotated_data//Non_face\image182.jpg,0.0,"[[139.]
 [ 57.]
 [ 32.]
 ...
 [140.]
 [ 63.]
 [ 37.]]"
annotated_data//Non_face\image183.jpg,0.0,"[[181.]
 [142.]
 [154.]
 ...
 [ 38.]
 [ 39.]
 [145.]]"
annotated_data//Non_face\image184.jpg,0.0,"[[ 57.]
 [ 76.]
 [116.]
 ...
 [ 30.]
 [ 38.]
 [ 55.]]"
annotated_data//Non_face\image185.jpg,0.0,"[[ 1.]
 [ 1.]
 [ 1.]
 ...
 [24.]
 [49.]
 [55.]]"
annotated_data//Non_face\image186.jpg,0.0,"[[158.]
 [137.]
 [110.]
 ...
 [159.]
 [133.]
 [ 98.]]"
annotated_data//Non_face\image187.jpg,0.0,"[[84.]
 [92.]
 [99.]
 ...
 [38.]
 [98.]
 [57.]]"
annotated_data//Non_face\image188.jpg,0.0,"[[189.]
 [191.]
 [185.]
 ...
 [149.]
 [149.]
 [145.]]"
annotated_data//Non_face\image189.jpg,0.0,"[[ 53.]
 [ 43.]
 [ 43.]
 ...
 [109.]
 [149.]
 [224.]]"
annotated_data//Non_face\image19.jpg,0.0,"[[188.]
 [174.]
 [153.]
 ...
 [ 66.]
 [ 50.]
 [ 43.]]"
annotated_data//Non_face\image190.jpg,0.0,"[[ 79.]
 [180.]
 [212.]
 ...
 [ 86.]
 [190.]
 [219.]]"
annotated_data//Non_face\image191.jpg,0.0,"[[  8.]
 [  1.]
 [  3.]
 ...
 [  4.]
 [229.]
 [242.]]"
annotated_data//Non_face\image192.jpg,0.0,"[[44.]
 [42.]
 [31.]
 ...
 [21.]
 [18.]
 [14.]]"
annotated_data//Non_face\image193.jpg,0.0,"[[205.]
 [177.]
 [179.]
 ...
 [199.]
 [172.]
 [186.]]"
annotated_data//Non_face\image194.jpg,0.0,"[[117.]
 [136.]
 [133.]
 ...
 [ 98.]
 [117.]
 [110.]]"
annotated_data//Non_face\image195.jpg,0.0,"[[127.]
 [135.]
 [135.]
 ...
 [144.]
 [ 80.]
 [ 75.]]"
annotated_data//Non_face\image196.jpg,0.0,"[[ 20.]
 [ 74.]
 [181.]
 ...
 [ 45.]
 [ 96.]
 [134.]]"
annotated_data//Non_face\image197.jpg,0.0,"[[35.]
 [48.]
 [46.]
 ...
 [44.]
 [76.]
 [86.]]"
annotated_data//Non_face\image198.jpg,0.0,"[[ 47.]
 [ 60.]
 [ 69.]
 ...
 [ 39.]
 [126.]
 [154.]]"
annotated_data//Non_face\image199.jpg,0.0,"[[ 82.]
 [ 36.]
 [ 12.]
 ...
 [105.]
 [ 63.]
 [ 40.]]"
annotated_data//Non_face\image2.jpg,0.0,"[[164.]
 [103.]
 [ 29.]
 ...
 [162.]
 [101.]
 [ 27.]]"
annotated_data//Non_face\image20.jpg,0.0,"[[83.]
 [71.]
 [59.]
 ...
 [85.]
 [73.]
 [61.]]"
annotated_data//Non_face\image200.jpg,0.0,"[[253.]
 [200.]
 [113.]
 ...
 [247.]
 [195.]
 [112.]]"
annotated_data//Non_face\image201.jpg,0.0,"[[133.]
 [110.]
 [ 94.]
 ...
 [128.]
 [103.]
 [ 83.]]"
annotated_data//Non_face\image202.jpg,0.0,"[[ 78.]
 [111.]
 [147.]
 ...
 [ 40.]
 [ 71.]
 [107.]]"
annotated_data//Non_face\image203.jpg,0.0,"[[28.]
 [57.]
 [82.]
 ...
 [17.]
 [61.]
 [85.]]"
annotated_data//Non_face\image204.jpg,0.0,"[[ 7.]
 [13.]
 [19.]
 ...
 [ 6.]
 [ 9.]
 [23.]]"
annotated_data//Non_face\image205.jpg,0.0,"[[206.]
 [213.]
 [206.]
 ...
 [212.]
 [219.]
 [212.]]"
annotated_data//Non_face\image206.jpg,0.0,"[[ 8.]
 [10.]
 [18.]
 ...
 [ 7.]
 [ 8.]
 [18.]]"
annotated_data//Non_face\image207.jpg,0.0,"[[ 49.]
 [ 52.]
 [100.]
 ...
 [ 14.]
 [  8.]
 [  6.]]"
annotated_data//Non_face\image208.jpg,0.0,"[[134.]
 [111.]
 [ 66.]
 ...
 [144.]
 [118.]
 [ 71.]]"
annotated_data//Non_face\image209.jpg,0.0,"[[ 61.]
 [ 75.]
 [ 93.]
 ...
 [ 75.]
 [ 90.]
 [106.]]"
annotated_data//Non_face\image21.jpg,0.0,"[[255.]
 [255.]
 [255.]
 ...
 [255.]
 [255.]
 [255.]]"
annotated_data//Non_face\image210.jpg,0.0,"[[149.]
 [155.]
 [154.]
 ...
 [ 60.]
 [ 54.]
 [ 46.]]"
annotated_data//Non_face\image211.jpg,0.0,"[[ 58.]
 [ 84.]
 [101.]
 ...
 [ 30.]
 [ 39.]
 [ 55.]]"
annotated_data//Non_face\image212.jpg,0.0,"[[ 38.]
 [ 52.]
 [144.]
 ...
 [  6.]
 [  8.]
 [ 19.]]"
annotated_data//Non_face\image213.jpg,0.0,"[[156.]
 [146.]
 [182.]
 ...
 [102.]
 [ 85.]
 [132.]]"
annotated_data//Non_face\image214.jpg,0.0,"[[245.]
 [247.]
 [241.]
 ...
 [251.]
 [248.]
 [243.]]"
annotated_data//Non_face\image215.jpg,0.0,"[[ 30.]
 [ 52.]
 [ 64.]
 ...
 [ 62.]
 [ 76.]
 [102.]]"
annotated_data//Non_face\image216.jpg,0.0,"[[ 72.]
 [ 84.]
 [126.]
 ...
 [141.]
 [146.]
 [166.]]"
annotated_data//Non_face\image217.jpg,0.0,"[[251.]
 [251.]
 [251.]
 ...
 [150.]
 [150.]
 [150.]]"
annotated_data//Non_face\image218.jpg,0.0,"[[250.]
 [225.]
 [209.]
 ...
 [ 35.]
 [ 24.]
 [ 20.]]"
annotated_data//Non_face\image219.jpg,0.0,"[[54.]
 [41.]
 [39.]
 ...
 [17.]
 [26.]
 [35.]]"
annotated_data//Non_face\image22.jpg,0.0,"[[ 8.]
 [ 8.]
 [ 8.]
 ...
 [14.]
 [14.]
 [14.]]"
annotated_data//Non_face\image220.jpg,0.0,"[[ 3.]
 [ 7.]
 [25.]
 ...
 [ 0.]
 [ 1.]
 [ 5.]]"
annotated_data//Non_face\image221.jpg,0.0,"[[ 4.]
 [ 3.]
 [ 5.]
 ...
 [ 6.]
 [ 7.]
 [11.]]"
annotated_data//Non_face\image222.jpg,0.0,"[[170.]
 [101.]
 [ 62.]
 ...
 [ 70.]
 [207.]
 [238.]]"
annotated_data//Non_face\image223.jpg,0.0,"[[103.]
 [116.]
 [132.]
 ...
 [ 93.]
 [ 94.]
 [145.]]"
annotated_data//Non_face\image224.jpg,0.0,"[[ 1.]
 [23.]
 [40.]
 ...
 [34.]
 [73.]
 [87.]]"
annotated_data//Non_face\image225.jpg,0.0,"[[ 4.]
 [ 9.]
 [12.]
 ...
 [ 4.]
 [ 9.]
 [12.]]"
annotated_data//Non_face\image226.jpg,0.0,"[[ 96.]
 [128.]
 [117.]
 ...
 [ 91.]
 [121.]
 [114.]]"
annotated_data//Non_face\image227.jpg,0.0,"[[6.]
 [6.]
 [6.]
 ...
 [9.]
 [9.]
 [9.]]"
annotated_data//Non_face\image228.jpg,0.0,"[[76.]
 [79.]
 [29.]
 ...
 [79.]
 [80.]
 [40.]]"
annotated_data//Non_face\image229.jpg,0.0,"[[106.]
 [ 88.]
 [ 71.]
 ...
 [112.]
 [ 90.]
 [ 73.]]"
annotated_data//Non_face\image23.jpg,0.0,"[[143.]
 [122.]
 [114.]
 ...
 [159.]
 [105.]
 [ 88.]]"
annotated_data//Non_face\image230.jpg,0.0,"[[242.]
 [250.]
 [240.]
 ...
 [ 36.]
 [ 50.]
 [ 44.]]"
annotated_data//Non_face\image231.jpg,0.0,"[[31.]
 [41.]
 [85.]
 ...
 [36.]
 [44.]
 [81.]]"
annotated_data//Non_face\image232.jpg,0.0,"[[ 27.]
 [ 36.]
 [ 93.]
 ...
 [ 67.]
 [ 78.]
 [167.]]"
annotated_data//Non_face\image233.jpg,0.0,"[[101.]
 [119.]
 [126.]
 ...
 [123.]
 [152.]
 [163.]]"
annotated_data//Non_face\image234.jpg,0.0,"[[201.]
 [178.]
 [133.]
 ...
 [155.]
 [136.]
 [100.]]"
annotated_data//Non_face\image235.jpg,0.0,"[[218.]
 [226.]
 [216.]
 ...
 [181.]
 [202.]
 [189.]]"
annotated_data//Non_face\image236.jpg,0.0,"[[165.]
 [190.]
 [196.]
 ...
 [ 64.]
 [ 85.]
 [ 99.]]"
annotated_data//Non_face\image237.jpg,0.0,"[[ 19.]
 [ 27.]
 [ 18.]
 ...
 [137.]
 [170.]
 [179.]]"
annotated_data//Non_face\image238.jpg,0.0,"[[208.]
 [222.]
 [220.]
 ...
 [185.]
 [198.]
 [200.]]"
annotated_data//Non_face\image239.jpg,0.0,"[[188.]
 [208.]
 [224.]
 ...
 [149.]
 [164.]
 [181.]]"
annotated_data//Non_face\image24.jpg,0.0,"[[ 1.]
 [ 1.]
 [ 1.]
 ...
 [15.]
 [14.]
 [19.]]"
annotated_data//Non_face\image240.jpg,0.0,"[[170.]
 [183.]
 [182.]
 ...
 [ 18.]
 [ 80.]
 [ 92.]]"
annotated_data//Non_face\image241.jpg,0.0,"[[157.]
 [ 98.]
 [ 78.]
 ...
 [154.]
 [102.]
 [ 79.]]"
annotated_data//Non_face\image242.jpg,0.0,"[[ 57.]
 [ 91.]
 [104.]
 ...
 [104.]
 [117.]
 [119.]]"
annotated_data//Non_face\image243.jpg,0.0,"[[ 71.]
 [101.]
 [132.]
 ...
 [155.]
 [144.]
 [138.]]"
annotated_data//Non_face\image244.jpg,0.0,"[[46.]
 [16.]
 [11.]
 ...
 [49.]
 [19.]
 [14.]]"
annotated_data//Non_face\image245.jpg,0.0,"[[33.]
 [ 6.]
 [ 5.]
 ...
 [63.]
 [66.]
 [66.]]"
annotated_data//Non_face\image246.jpg,0.0,"[[126.]
 [187.]
 [208.]
 ...
 [174.]
 [206.]
 [215.]]"
annotated_data//Non_face\image247.jpg,0.0,"[[ 18.]
 [ 27.]
 [ 31.]
 ...
 [ 67.]
 [148.]
 [186.]]"
annotated_data//Non_face\image248.jpg,0.0,"[[130.]
 [146.]
 [153.]
 ...
 [ 20.]
 [ 20.]
 [ 20.]]"
annotated_data//Non_face\image249.jpg,0.0,"[[244.]
 [181.]
 [120.]
 ...
 [249.]
 [180.]
 [131.]]"
annotated_data//Non_face\image25.jpg,0.0,"[[255.]
 [255.]
 [255.]
 ...
 [128.]
 [139.]
 [226.]]"
annotated_data//Non_face\image250.jpg,0.0,"[[ 37.]
 [ 28.]
 [ 19.]
 ...
 [213.]
 [178.]
 [140.]]"
annotated_data//Non_face\image251.jpg,0.0,"[[ 4.]
 [13.]
 [33.]
 ...
 [ 6.]
 [15.]
 [35.]]"
annotated_data//Non_face\image252.jpg,0.0,"[[157.]
 [188.]
 [185.]
 ...
 [167.]
 [198.]
 [195.]]"
annotated_data//Non_face\image253.jpg,0.0,"[[131.]
 [193.]
 [175.]
 ...
 [193.]
 [198.]
 [164.]]"
annotated_data//Non_face\image254.jpg,0.0,"[[140.]
 [167.]
 [163.]
 ...
 [ 14.]
 [ 18.]
 [ 27.]]"
annotated_data//Non_face\image255.jpg,0.0,"[[225.]
 [230.]
 [233.]
 ...
 [  4.]
 [  5.]
 [ 19.]]"
annotated_data//Non_face\image256.jpg,0.0,"[[21.]
 [12.]
 [ 9.]
 ...
 [80.]
 [67.]
 [60.]]"
annotated_data//Non_face\image257.jpg,0.0,"[[166.]
 [247.]
 [244.]
 ...
 [ 71.]
 [ 89.]
 [204.]]"
annotated_data//Non_face\image258.jpg,0.0,"[[255.]
 [255.]
 [255.]
 ...
 [107.]
 [109.]
 [104.]]"
annotated_data//Non_face\image259.jpg,0.0,"[[  6.]
 [ 16.]
 [ 19.]
 ...
 [212.]
 [129.]
 [110.]]"
annotated_data//Non_face\image26.jpg,0.0,"[[ 62.]
 [ 70.]
 [ 69.]
 ...
 [238.]
 [239.]
 [249.]]"
annotated_data//Non_face\image260.jpg,0.0,"[[ 51.]
 [ 39.]
 [ 29.]
 ...
 [128.]
 [ 87.]
 [ 50.]]"
annotated_data//Non_face\image261.jpg,0.0,"[[  0.]
 [  2.]
 [  2.]
 ...
 [170.]
 [211.]
 [175.]]"
annotated_data//Non_face\image262.jpg,0.0,"[[13.]
 [16.]
 [24.]
 ...
 [ 2.]
 [ 4.]
 [ 5.]]"
annotated_data//Non_face\image263.jpg,0.0,"[[47.]
 [56.]
 [46.]
 ...
 [54.]
 [61.]
 [54.]]"
annotated_data//Non_face\image264.jpg,0.0,"[[17.]
 [20.]
 [25.]
 ...
 [ 3.]
 [12.]
 [23.]]"
annotated_data//Non_face\image265.jpg,0.0,"[[ 15.]
 [  5.]
 [ 11.]
 ...
 [133.]
 [105.]
 [102.]]"
annotated_data//Non_face\image266.jpg,0.0,"[[54.]
 [22.]
 [17.]
 ...
 [39.]
 [11.]
 [11.]]"
annotated_data//Non_face\image267.jpg,0.0,"[[142.]
 [109.]
 [ 94.]
 ...
 [143.]
 [110.]
 [ 95.]]"
annotated_data//Non_face\image268.jpg,0.0,"[[129.]
 [153.]
 [ 81.]
 ...
 [ 54.]
 [ 65.]
 [ 50.]]"
annotated_data//Non_face\image269.jpg,0.0,"[[ 49.]
 [ 57.]
 [ 79.]
 ...
 [142.]
 [137.]
 [140.]]"
annotated_data//Non_face\image27.jpg,0.0,"[[32.]
 [46.]
 [30.]
 ...
 [ 8.]
 [18.]
 [ 7.]]"
annotated_data//Non_face\image270.jpg,0.0,"[[178.]
 [187.]
 [190.]
 ...
 [120.]
 [ 78.]
 [ 59.]]"
annotated_data//Non_face\image271.jpg,0.0,"[[38.]
 [69.]
 [14.]
 ...
 [40.]
 [71.]
 [16.]]"
annotated_data//Non_face\image272.jpg,0.0,"[[110.]
 [ 60.]
 [ 14.]
 ...
 [ 36.]
 [ 50.]
 [ 62.]]"
annotated_data//Non_face\image273.jpg,0.0,"[[70.]
 [59.]
 [55.]
 ...
 [67.]
 [61.]
 [54.]]"
annotated_data//Non_face\image274.jpg,0.0,"[[142.]
 [155.]
 [157.]
 ...
 [163.]
 [174.]
 [182.]]"
annotated_data//Non_face\image275.jpg,0.0,"[[93.]
 [93.]
 [77.]
 ...
 [53.]
 [49.]
 [35.]]"
annotated_data//Non_face\image276.jpg,0.0,"[[ 0.]
 [ 7.]
 [14.]
 ...
 [61.]
 [33.]
 [32.]]"
annotated_data//Non_face\image277.jpg,0.0,"[[211.]
 [224.]
 [222.]
 ...
 [204.]
 [216.]
 [216.]]"
annotated_data//Non_face\image278.jpg,0.0,"[[ 0.]
 [14.]
 [26.]
 ...
 [ 7.]
 [21.]
 [40.]]"
annotated_data//Non_face\image279.jpg,0.0,"[[ 74.]
 [ 47.]
 [ 40.]
 ...
 [114.]
 [129.]
 [131.]]"
annotated_data//Non_face\image28.jpg,0.0,"[[225.]
 [190.]
 [146.]
 ...
 [177.]
 [197.]
 [198.]]"
annotated_data//Non_face\image280.jpg,0.0,"[[38.]
 [58.]
 [59.]
 ...
 [34.]
 [61.]
 [67.]]"
annotated_data//Non_face\image281.jpg,0.0,"[[ 79.]
 [104.]
 [120.]
 ...
 [ 16.]
 [ 57.]
 [ 93.]]"
annotated_data//Non_face\image282.jpg,0.0,"[[12.]
 [30.]
 [37.]
 ...
 [20.]
 [36.]
 [48.]]"
annotated_data//Non_face\image283.jpg,0.0,"[[156.]
 [159.]
 [157.]
 ...
 [159.]
 [161.]
 [160.]]"
annotated_data//Non_face\image284.jpg,0.0,"[[ 31.]
 [ 91.]
 [208.]
 ...
 [ 47.]
 [ 87.]
 [132.]]"
annotated_data//Non_face\image285.jpg,0.0,"[[ 6.]
 [30.]
 [76.]
 ...
 [ 9.]
 [27.]
 [74.]]"
annotated_data//Non_face\image286.jpg,0.0,"[[183.]
 [140.]
 [ 35.]
 ...
 [153.]
 [103.]
 [ 15.]]"
annotated_data//Non_face\image287.jpg,0.0,"[[147.]
 [136.]
 [128.]
 ...
 [ 52.]
 [ 59.]
 [ 63.]]"
annotated_data//Non_face\image288.jpg,0.0,"[[181.]
 [180.]
 [184.]
 ...
 [175.]
 [178.]
 [182.]]"
annotated_data//Non_face\image289.jpg,0.0,"[[161.]
 [131.]
 [106.]
 ...
 [148.]
 [120.]
 [ 90.]]"
annotated_data//Non_face\image29.jpg,0.0,"[[ 3.]
 [ 0.]
 [ 2.]
 ...
 [38.]
 [63.]
 [72.]]"
annotated_data//Non_face\image290.jpg,0.0,"[[ 42.]
 [135.]
 [119.]
 ...
 [109.]
 [167.]
 [197.]]"
annotated_data//Non_face\image291.jpg,0.0,"[[29.]
 [48.]
 [40.]
 ...
 [12.]
 [ 6.]
 [ 7.]]"
annotated_data//Non_face\image292.jpg,0.0,"[[228.]
 [229.]
 [225.]
 ...
 [228.]
 [229.]
 [225.]]"
annotated_data//Non_face\image293.jpg,0.0,"[[145.]
 [136.]
 [126.]
 ...
 [153.]
 [146.]
 [131.]]"
annotated_data//Non_face\image294.jpg,0.0,"[[ 64.]
 [ 90.]
 [106.]
 ...
 [ 71.]
 [ 99.]
 [117.]]"
annotated_data//Non_face\image295.jpg,0.0,"[[158.]
 [172.]
 [170.]
 ...
 [143.]
 [155.]
 [158.]]"
annotated_data//Non_face\image296.jpg,0.0,"[[189.]
 [181.]
 [182.]
 ...
 [185.]
 [180.]
 [181.]]"
annotated_data//Non_face\image297.jpg,0.0,"[[143.]
 [219.]
 [247.]
 ...
 [109.]
 [172.]
 [208.]]"
annotated_data//Non_face\image298.jpg,0.0,"[[111.]
 [111.]
 [102.]
 ...
 [160.]
 [169.]
 [164.]]"
annotated_data//Non_face\image299.jpg,0.0,"[[ 64.]
 [101.]
 [127.]
 ...
 [ 33.]
 [ 72.]
 [121.]]"
annotated_data//Non_face\image3.jpg,0.0,"[[122.]
 [131.]
 [140.]
 ...
 [190.]
 [219.]
 [234.]]"
annotated_data//Non_face\image30.jpg,0.0,"[[220.]
 [146.]
 [ 90.]
 ...
 [217.]
 [133.]
 [ 79.]]"
annotated_data//Non_face\image300.jpg,0.0,"[[170.]
 [221.]
 [207.]
 ...
 [122.]
 [157.]
 [151.]]"
annotated_data//Non_face\image301.jpg,0.0,"[[253.]
 [253.]
 [253.]
 ...
 [247.]
 [254.]
 [253.]]"
annotated_data//Non_face\image302.jpg,0.0,"[[222.]
 [222.]
 [222.]
 ...
 [240.]
 [240.]
 [240.]]"
annotated_data//Non_face\image303.jpg,0.0,"[[100.]
 [122.]
 [128.]
 ...
 [159.]
 [158.]
 [138.]]"
annotated_data//Non_face\image304.jpg,0.0,"[[139.]
 [153.]
 [140.]
 ...
 [157.]
 [130.]
 [ 83.]]"
annotated_data//Non_face\image305.jpg,0.0,"[[221.]
 [214.]
 [244.]
 ...
 [147.]
 [148.]
 [174.]]"
annotated_data//Non_face\image306.jpg,0.0,"[[188.]
 [192.]
 [181.]
 ...
 [171.]
 [170.]
 [160.]]"
annotated_data//Non_face\image307.jpg,0.0,"[[156.]
 [133.]
 [154.]
 ...
 [139.]
 [ 75.]
 [ 57.]]"
annotated_data//Non_face\image308.jpg,0.0,"[[ 7.]
 [ 2.]
 [23.]
 ...
 [20.]
 [12.]
 [53.]]"
annotated_data//Non_face\image309.jpg,0.0,"[[167.]
 [159.]
 [146.]
 ...
 [138.]
 [130.]
 [117.]]"
annotated_data//Non_face\image31.jpg,0.0,"[[ 34.]
 [ 35.]
 [169.]
 ...
 [ 53.]
 [ 61.]
 [119.]]"
annotated_data//Non_face\image310.jpg,0.0,"[[157.]
 [178.]
 [175.]
 ...
 [ 40.]
 [ 44.]
 [ 49.]]"
annotated_data//Non_face\image311.jpg,0.0,"[[72.]
 [93.]
 [54.]
 ...
 [66.]
 [91.]
 [35.]]"
annotated_data//Non_face\image312.jpg,0.0,"[[ 66.]
 [100.]
 [113.]
 ...
 [ 46.]
 [ 86.]
 [104.]]"
annotated_data//Non_face\image313.jpg,0.0,"[[152.]
 [ 87.]
 [ 32.]
 ...
 [151.]
 [ 89.]
 [ 41.]]"
annotated_data//Non_face\image314.jpg,0.0,"[[79.]
 [64.]
 [65.]
 ...
 [74.]
 [85.]
 [86.]]"
annotated_data//Non_face\image315.jpg,0.0,"[[20.]
 [21.]
 [22.]
 ...
 [32.]
 [27.]
 [28.]]"
annotated_data//Non_face\image316.jpg,0.0,"[[125.]
 [ 99.]
 [ 87.]
 ...
 [146.]
 [133.]
 [117.]]"
annotated_data//Non_face\image317.jpg,0.0,"[[155.]
 [216.]
 [218.]
 ...
 [  6.]
 [ 37.]
 [ 45.]]"
annotated_data//Non_face\image318.jpg,0.0,"[[ 17.]
 [143.]
 [172.]
 ...
 [ 81.]
 [142.]
 [162.]]"
annotated_data//Non_face\image319.jpg,0.0,"[[108.]
 [ 96.]
 [ 84.]
 ...
 [118.]
 [109.]
 [ 96.]]"
annotated_data//Non_face\image32.jpg,0.0,"[[ 82.]
 [111.]
 [126.]
 ...
 [ 62.]
 [101.]
 [115.]]"
annotated_data//Non_face\image320.jpg,0.0,"[[160.]
 [160.]
 [148.]
 ...
 [173.]
 [167.]
 [154.]]"
annotated_data//Non_face\image321.jpg,0.0,"[[203.]
 [170.]
 [161.]
 ...
 [199.]
 [163.]
 [155.]]"
annotated_data//Non_face\image322.jpg,0.0,"[[30.]
 [31.]
 [41.]
 ...
 [26.]
 [28.]
 [36.]]"
annotated_data//Non_face\image323.jpg,0.0,"[[131.]
 [ 78.]
 [ 21.]
 ...
 [214.]
 [179.]
 [ 82.]]"
annotated_data//Non_face\image324.jpg,0.0,"[[27.]
 [33.]
 [38.]
 ...
 [29.]
 [33.]
 [38.]]"
annotated_data//Non_face\image325.jpg,0.0,"[[209.]
 [192.]
 [189.]
 ...
 [121.]
 [112.]
 [112.]]"
annotated_data//Non_face\image326.jpg,0.0,"[[76.]
 [45.]
 [24.]
 ...
 [80.]
 [47.]
 [28.]]"
annotated_data//Non_face\image327.jpg,0.0,"[[ 13.]
 [  0.]
 [  2.]
 ...
 [113.]
 [ 96.]
 [ 69.]]"
annotated_data//Non_face\image328.jpg,0.0,"[[75.]
 [83.]
 [60.]
 ...
 [53.]
 [67.]
 [54.]]"
annotated_data//Non_face\image329.jpg,0.0,"[[126.]
 [126.]
 [119.]
 ...
 [234.]
 [231.]
 [229.]]"
annotated_data//Non_face\image33.jpg,0.0,"[[163.]
 [138.]
 [141.]
 ...
 [131.]
 [ 73.]
 [ 51.]]"
annotated_data//Non_face\image330.jpg,0.0,"[[ 15.]
 [ 16.]
 [ 25.]
 ...
 [104.]
 [132.]
 [141.]]"
annotated_data//Non_face\image331.jpg,0.0,"[[205.]
 [128.]
 [ 94.]
 ...
 [241.]
 [208.]
 [165.]]"
annotated_data//Non_face\image332.jpg,0.0,"[[43.]
 [49.]
 [48.]
 ...
 [36.]
 [47.]
 [47.]]"
annotated_data//Non_face\image333.jpg,0.0,"[[18.]
 [17.]
 [21.]
 ...
 [18.]
 [17.]
 [21.]]"
annotated_data//Non_face\image334.jpg,0.0,"[[ 31.]
 [ 10.]
 [ 22.]
 ...
 [175.]
 [177.]
 [186.]]"
annotated_data//Non_face\image335.jpg,0.0,"[[155.]
 [ 84.]
 [ 49.]
 ...
 [ 32.]
 [ 29.]
 [ 87.]]"
annotated_data//Non_face\image336.jpg,0.0,"[[254.]
 [254.]
 [254.]
 ...
 [254.]
 [254.]
 [254.]]"
annotated_data//Non_face\image337.jpg,0.0,"[[120.]
 [174.]
 [177.]
 ...
 [176.]
 [161.]
 [ 65.]]"
annotated_data//Non_face\image338.jpg,0.0,"[[210.]
 [209.]
 [199.]
 ...
 [213.]
 [210.]
 [205.]]"
annotated_data//Non_face\image339.jpg,0.0,"[[178.]
 [189.]
 [173.]
 ...
 [189.]
 [190.]
 [160.]]"
annotated_data//Non_face\image34.jpg,0.0,"[[57.]
 [73.]
 [83.]
 ...
 [20.]
 [32.]
 [41.]]"
annotated_data//Non_face\image340.jpg,0.0,"[[116.]
 [ 91.]
 [ 64.]
 ...
 [241.]
 [241.]
 [233.]]"
annotated_data//Non_face\image341.jpg,0.0,"[[35.]
 [38.]
 [42.]
 ...
 [39.]
 [34.]
 [35.]]"
annotated_data//Non_face\image342.jpg,0.0,"[[112.]
 [130.]
 [137.]
 ...
 [ 36.]
 [ 72.]
 [ 80.]]"
annotated_data//Non_face\image343.jpg,0.0,"[[185.]
 [177.]
 [180.]
 ...
 [195.]
 [191.]
 [191.]]"
annotated_data//Non_face\image344.jpg,0.0,"[[150.]
 [156.]
 [155.]
 ...
 [ 57.]
 [ 34.]
 [144.]]"
annotated_data//Non_face\image345.jpg,0.0,"[[177.]
 [197.]
 [202.]
 ...
 [ 68.]
 [ 68.]
 [ 40.]]"
annotated_data//Non_face\image346.jpg,0.0,"[[  0.]
 [  1.]
 [  2.]
 ...
 [ 61.]
 [ 83.]
 [105.]]"
annotated_data//Non_face\image347.jpg,0.0,"[[ 44.]
 [ 66.]
 [ 95.]
 ...
 [148.]
 [168.]
 [184.]]"
annotated_data//Non_face\image348.jpg,0.0,"[[193.]
 [181.]
 [175.]
 ...
 [181.]
 [167.]
 [161.]]"
annotated_data//Non_face\image349.jpg,0.0,"[[71.]
 [35.]
 [73.]
 ...
 [70.]
 [69.]
 [68.]]"
annotated_data//Non_face\image35.jpg,0.0,"[[192.]
 [111.]
 [ 96.]
 ...
 [167.]
 [ 95.]
 [ 78.]]"
annotated_data//Non_face\image350.jpg,0.0,"[[ 57.]
 [121.]
 [146.]
 ...
 [194.]
 [213.]
 [218.]]"
annotated_data//Non_face\image351.jpg,0.0,"[[1.]
 [1.]
 [1.]
 ...
 [1.]
 [1.]
 [1.]]"
annotated_data//Non_face\image352.jpg,0.0,"[[125.]
 [113.]
 [ 77.]
 ...
 [120.]
 [109.]
 [ 77.]]"
annotated_data//Non_face\image353.jpg,0.0,"[[11.]
 [33.]
 [61.]
 ...
 [48.]
 [58.]
 [68.]]"
annotated_data//Non_face\image354.jpg,0.0,"[[  5.]
 [ 35.]
 [ 92.]
 ...
 [  9.]
 [ 59.]
 [141.]]"
annotated_data//Non_face\image355.jpg,0.0,"[[171.]
 [174.]
 [172.]
 ...
 [ 98.]
 [122.]
 [140.]]"
annotated_data//Non_face\image356.jpg,0.0,"[[183.]
 [143.]
 [114.]
 ...
 [ 26.]
 [ 17.]
 [ 14.]]"
annotated_data//Non_face\image357.jpg,0.0,"[[2.]
 [4.]
 [8.]
 ...
 [4.]
 [2.]
 [1.]]"
annotated_data//Non_face\image358.jpg,0.0,"[[174.]
 [134.]
 [152.]
 ...
 [158.]
 [121.]
 [137.]]"
annotated_data//Non_face\image359.jpg,0.0,"[[154.]
 [ 97.]
 [ 76.]
 ...
 [150.]
 [100.]
 [ 77.]]"
annotated_data//Non_face\image36.jpg,0.0,"[[160.]
 [172.]
 [182.]
 ...
 [164.]
 [179.]
 [188.]]"
annotated_data//Non_face\image360.jpg,0.0,"[[183.]
 [181.]
 [157.]
 ...
 [ 28.]
 [ 37.]
 [ 90.]]"
annotated_data//Non_face\image361.jpg,0.0,"[[150.]
 [173.]
 [175.]
 ...
 [142.]
 [162.]
 [164.]]"
annotated_data//Non_face\image362.jpg,0.0,"[[243.]
 [228.]
 [225.]
 ...
 [222.]
 [207.]
 [198.]]"
annotated_data//Non_face\image363.jpg,0.0,"[[134.]
 [ 97.]
 [ 71.]
 ...
 [132.]
 [102.]
 [ 76.]]"
annotated_data//Non_face\image364.jpg,0.0,"[[  4.]
 [  4.]
 [  4.]
 ...
 [115.]
 [ 87.]
 [ 63.]]"
annotated_data//Non_face\image365.jpg,0.0,"[[97.]
 [69.]
 [68.]
 ...
 [62.]
 [49.]
 [52.]]"
annotated_data//Non_face\image366.jpg,0.0,"[[ 99.]
 [126.]
 [ 87.]
 ...
 [141.]
 [101.]
 [ 55.]]"
annotated_data//Non_face\image367.jpg,0.0,"[[157.]
 [161.]
 [159.]
 ...
 [157.]
 [158.]
 [164.]]"
annotated_data//Non_face\image368.jpg,0.0,"[[111.]
 [ 99.]
 [ 97.]
 ...
 [140.]
 [122.]
 [121.]]"
